lancet_label,expected_le_1950,observed_le_1950,diff_1950,expected_le_1990,observed_le_1990,diff_1990,expected_le_2000,observed_le_2000,diff_2000,expected_le_2010,observed_le_2010,diff_2010,expected_le_2021,observed_le_2021,diff_2021,sdi_value
Global,65.5582617555982,51.560411945267866,13.99784981033033,72.2051812457713,68.07678023400382,4.12840101176748,73.5755407418334,69.83263550518082,3.7429052366525752,74.8195580384086,73.26861962258774,1.5509384158208661,76.1547617030033,74.76836280173357,1.3863989012697289,0.665820974847562
"Central Europe, eastern Europe, and central Asia",72.2051812457713,63.83598756142221,8.369193684349092,75.4869414194759,73.81133457947347,1.6756068400024304,76.5611958711918,73.23250535094394,3.3286905202478607,77.9920854469424,75.74354030346692,2.248545143475482,79.259242862653707,75.49680574054015,3.7624371221135533,0.769466346073944
Central Asia,68.566706333017,51.892124321330385,16.67458201168661,73.1367533946436,71.64944356802447,1.4873098266191391,73.8600248306864,70.97152061829587,2.8885042123905293,75.3538195667091,73.60489313050581,1.7489264362032912,76.1547617030033,74.26579005185116,1.888971651152147,0.675163978206939
Armenia,69.4376046972604,52.165681431860776,17.27192326539962,72.8349361524656,73.90573358744486,-1.070797434979255,73.8600248306864,74.91084857595261,-1.0508237452662144,75.8867615917168,77.12573100574664,-1.2389694140298388,77.2583618585503,78.59716850276,-1.338806644209697,0.701833194147139
Azerbaijan,67.6314133302304,39.24261205879688,28.388801271433522,74.27695938059,70.62176286471097,3.6551965158790267,73.8600248306864,70.59076625580146,3.269258574884944,75.7533094834353,73.04246838934698,2.710841094088323,76.9758259836149,73.37434702273123,3.601478960883668,0.694851274415291
Georgia,72.9868451753022,56.9744102912909,16.01243488401129,75.8867615917168,73.67135891721271,2.215402674504091,75.2206238903527,73.96868101358687,1.251942876765824,76.4249669154543,77.8653337407987,-1.4403668253443982,78.1441298705599,75.83978001371759,2.3043498568423075,0.732473604476306
Kazakhstan,69.2257150765922,61.30859008994402,7.917124986648176,74.1391275715876,72.64181981910859,1.4973077524790028,75.6200752848877,70.46560045553241,5.154474829355294,76.6983334419813,72.99703391213481,3.7012995298464944,77.6934696228319,73.85955627774875,3.833913345083147,0.725144495100349
Kyrgyzstan,69.0099795820207,51.930374860420926,17.07960472159978,72.0417136731455,70.94638042985817,1.0953332432873282,72.8349361524656,71.35385788659121,1.4810782658743875,73.1367533946436,73.80986820954851,-0.6731148149049062,74.6849839445894,76.13011776215681,-1.4451338175674096,0.603979328412055
Mongolia,61.6310629976022,39.91256373967067,21.718499257931533,70.050868820996,65.50585489539164,4.545013925604366,72.2051812457713,67.04613296858139,5.15904827718991,73.7185131922834,71.06932210415637,2.6491910881270258,74.9536101128661,74.60276806149936,0.3508420513667403,0.617621564638127
Tajikistan,61.9547290274367,40.61097142423138,21.34375760320532,70.050868820996,68.62929290513226,1.421575915863741,69.6457129421574,68.97308277642674,0.6726301657306664,71.0027887547265,71.68933855562443,-0.6865498008979358,72.3661382011684,72.06241361047057,0.30372459069782565,0.541511187051998
Turkmenistan,68.3390499889094,48.7687036225786,19.570346366330796,73.4309952746431,69.25489966290856,4.176095611734539,73.4309952746431,70.0296723368192,3.401322937823892,75.0872593306442,73.08532662111651,2.0019327095276935,76.6983334419813,71.51425355533833,5.1840798866429765,0.682160775869611
Uzbekistan,65.2799188138218,52.057698700871235,13.22222011295056,71.5352857676637,72.72148016195585,-1.1861943942921584,73.1367533946436,71.48354669185362,1.653206702789987,74.8195580384086,73.40763076161576,1.411927276792838,75.6200752848877,75.10064383904451,0.5194314458431961,0.662621694181816
Central Europe,70.6320829088109,58.87541985349563,11.756663055315272,75.3538195667091,74.58164021533986,0.7721793513692461,77.1164068999939,76.4003504639347,0.7160564360592048,78.7710642760587,78.95648913179808,-0.1854248557393845,80.0938300555705,78.2993417031065,1.7944883524640005,0.796244447535816
Albania,64.4196664780328,50.15450306057481,14.265163417457984,73.2847680345981,75.66696468644516,-2.382196651847053,74.0001899335917,78.39421523277385,-4.394025299182147,75.8867615917168,80.41408898760638,-4.5273273958895714,77.2583618585503,78.6843752553064,-1.4260133967561046,0.706849790878611
Bosnia and Herzegovina,60.6428371254562,47.452957835813756,13.189879289642441,72.6809164009106,76.22529080593934,-3.5443744050287336,74.5497703263887,78.0342169815293,-3.4844466551406015,76.5611958711918,79.83647032639952,-3.2752744552077218,77.841883595519,78.27539564707858,-0.43351205155958894,0.72307789321024
Bulgaria,69.8501095562065,58.86152008761185,10.988589468594654,75.3538195667091,73.47239986554825,1.8814197011608513,76.5611958711918,73.67649617121921,2.884699699972586,77.9920854469424,75.91870613838674,2.0733793085556584,79.259242862653707,73.71181571943684,5.547427143216865,0.768150939342518
Croatia,70.24806740807,52.889376334372635,17.358691073697365,76.2895284001803,75.7389456108312,0.5505827893491073,77.2583618585503,78.08944890819568,-0.8310870496453759,78.93228906303,80.01849400815533,-1.0862049451253313,80.261372930289,80.30170763927522,-0.04033470898622227,0.798341026936276
Czechia,73.7185131922834,68.10634592441907,5.612167267864322,76.5611958711918,75.6379900313224,0.9232058398693965,79.259242862653707,78.4315906478411,0.827652214812602,80.5938426661382,80.91433222274863,-0.32048955661042555,81.2476223708153,80.85352442304433,0.39409794777095897,0.828450433122785
Hungary,71.5352857676637,62.37434529590735,9.160940471756348,75.7533094834353,73.8358971698556,1.9174123135797032,77.5467977046945,76.07639943935673,1.4703982653377636,79.0950774577826,78.48324468080408,0.6118327769785168,79.9258958724552,77.96879496298625,1.9571009094689487,0.790754768173338
Montenegro,69.6457129421574,66.44751847866418,3.1981944634932233,76.4249669154543,78.27158927984514,-1.8466223643908393,76.4249669154543,76.69346755383313,-0.2685006383788249,78.453875169857,77.70919493306323,0.7446802367937693,80.0938300555705,76.01116238018189,4.08266767538862,0.795800584021403
North Macedonia,67.6314133302304,49.262880819382175,18.368532510848226,74.5497703263887,72.57801249639176,1.9717578299969318,75.4869414194759,73.65816554320524,1.8287758762706545,77.2583618585503,75.36091205857647,1.8974497999738276,78.6115528493146,74.24459045905898,4.3669623902556225,0.750629703270047
Poland,71.183347145972,59.64753631617068,11.535810829801314,75.0872593306442,75.62798153781962,-0.5407222071754205,77.2583618585503,78.03385291795807,-0.77549105940777,79.0950774577826,80.54578481009426,-1.4507073523116674,80.5938426661382,79.71997055504703,0.873872111091174,0.812042808667712
Romania,67.1386999129439,60.878259527757166,6.26044038518674,74.9536101128661,73.0393757374845,1.9142343753815965,76.1547617030033,74.68785520057195,1.4669065024313568,77.841883595519,77.49972493069029,0.34215866482870183,79.259242862653707,76.80874671527853,2.4504961473751763,0.768453864365965
Serbia,70.4417784149706,49.90082566554411,20.540952749426488,75.2206238903527,72.96669308853657,2.253930801816125,76.0205453806043,73.80434987024002,2.2161955103642867,78.2980556451255,76.7071159616182,1.590939683507301,80.0938300555705,76.72435448691043,3.3694755686600786,0.792416293685483
Slovakia,72.2051812457713,64.42364777121188,7.781533474559424,75.8867615917168,75.61068335074732,0.27607824096948264,78.1441298705599,77.92842235234335,0.2157075182165471,79.7581335668345,79.64451325814996,0.11362030868454553,80.5938426661382,78.34291381535222,2.250928850785982,0.810610529921693
Slovenia,73.2847680345981,59.502354087022276,13.782413947575826,77.9920854469424,78.04727581519802,-0.05519036825562296,79.5909130566986,80.0107246554963,-0.4198115987977076,80.9225798656503,82.96992290060851,-2.047343034958203,81.7283348665087,84.0326967516848,-2.3043618851760925,0.842430731281465
Eastern Europe,73.1367533946436,69.51354965948899,3.6232037351546182,76.1547617030033,74.60632290111477,1.5484388018885369,77.1164068999939,72.90326794668616,4.213138953307748,78.7710642760587,75.09500623279719,3.6760580432615058,80.4280765833013,74.85807097452744,5.570005608773869,0.802851008869645
Belarus,70.6320829088109,70.56799307538077,0.0640898334301312,74.9536101128661,75.75356470768592,-0.7999545948198232,76.1547617030033,74.67998997024348,1.4747717327598195,78.1441298705599,76.63369532132565,1.5104345492342475,79.7581335668345,75.97818684470812,3.7799467221263825,0.784484710906639
Estonia,73.2847680345981,69.99547893479017,3.289289099807931,76.4249669154543,74.9955696494896,1.4293972659647096,78.2980556451255,76.15343868624502,2.1446169588804764,80.261372930289,80.80653590805564,-0.5451629777666369,81.7283348665087,81.22150663725523,0.5068282292534718,0.844917787360624
Latvia,73.5755407418334,71.99562210051832,1.579918641315075,76.5611958711918,74.68454631659576,1.8766495545960424,77.9920854469424,75.97412541124804,2.017960035694358,80.261372930289,78.13942292050034,2.1219500097886623,81.2476223708153,78.11390499168367,3.1337173791316246,0.830663516299797
Lithuania,71.5352857676637,68.69307538472874,2.842210382934951,76.2895284001803,76.11759376679854,0.17193463338176684,77.6934696228319,77.47335841716266,0.22011120566924092,80.0938300555705,78.71461751380559,1.3792125417649146,82.2009195502738,78.90168854981553,3.2992310004582635,0.856484049109405
Moldova,69.8501095562065,56.45260588398399,13.397503672222513,74.5497703263887,71.53039939898548,3.019370927403216,74.9536101128661,72.50072481607093,2.4528852967951735,76.2895284001803,74.72367062336758,1.5658577768127202,77.9920854469424,76.39170134218145,1.6003841047609484,0.732214875427507
Russia,73.2847680345981,69.48354529704697,3.8012227375511287,76.2895284001803,74.50419977129175,1.78532862888855,77.4017895401842,72.4580510860672,4.943738454116996,79.0950774577826,74.75415894659854,4.340918511184057,80.5938426661382,74.33837962916625,6.255463036971946,0.808536004906566
Ukraine,72.9868451753022,70.75313624687668,2.2337089284255143,75.6200752848877,74.82320769670511,0.7968675881825931,76.2895284001803,73.45614733073018,2.8333810694501267,77.6934696228319,75.39662463344531,2.296844989386585,78.93228906303,75.65509015034495,3.2771989126850514,0.760773912846782
High income,74.0001899335917,67.65390843014177,6.34628150344993,78.6115528493146,79.39768120262289,-0.7861283533082855,79.9258958724552,81.17645177102214,-1.2505558985669438,80.7586754387809,83.12885184850421,-2.370176409723314,82.0442883633757,83.33958872970015,-1.2953003663244544,0.851884810176593
Australasia,73.5755407418334,71.91169222261152,1.6638485192218724,77.9920854469424,79.69210145194947,-1.7000160050070718,79.42454969997,82.07219553941366,-2.647645839443655,80.4280765833013,83.95843527436587,-3.5303586910645635,81.7283348665087,85.34686583210849,-3.6185309655997884,0.845514063311111
Australia,73.2847680345981,72.00028692247781,1.2844811121202895,77.841883595519,79.96887706288248,-2.1269934673634907,79.259242862653707,82.33236864333222,-3.0731257806785095,80.4280765833013,84.20244221153384,-3.7743656282325304,81.7283348665087,85.5896416666298,-3.861306800121099,0.844252813727575
New Zealand,74.5497703263887,71.5138337694981,3.03593655689059,78.6115528493146,78.37075255715806,0.24080029215654974,79.7581335668345,80.83012360068993,-1.0719900338554282,80.5938426661382,82.76512240383082,-2.1712797376926147,81.8867612982213,84.1204857535909,-2.2337244553695967,0.849442498970719
High-income Asia Pacific,71.5352857676637,59.60079576257552,11.934490005088172,79.259242862653707,80.94671491932813,-1.687472056674423,80.7586754387809,84.06537183915384,-3.3066964003729424,81.7283348665087,86.2273865247957,-4.4990516582870015,82.6654709346071,87.7749162918555,-5.109445357248404,0.876767000230308
Brunei,65.5582617555982,49.4628144645516,16.095447291046597,76.1547617030033,73.13218250898525,3.02257919401805,77.6934696228319,75.2287023415819,2.4647672812500048,79.42454969997,77.1392525280056,2.2852971719644017,80.5938426661382,78.27244231748149,2.3214003486567094,0.810234366947283
Japan,72.8349361524656,63.49333840306762,9.341597749397984,79.9258958724552,82.2833551099071,-2.3574592374519057,81.0855606741383,85.05716619447563,-3.97160552033732,81.7283348665087,86.68023107185645,-4.951896205347751,82.5115076344357,88.11918095882406,-5.607673324388358,0.871241812572128
South Korea,61.6310629976022,46.53695306544478,15.094109932157423,76.8365035323037,75.91122360178473,0.9252799305189683,79.7581335668345,79.7317432723715,0.02639029446299901,81.7283348665087,83.95890065609932,-2.2305657895906137,82.9707513626629,86.04417046359008,-3.0734191009271825,0.886675266756997
Singapore,62.5924477188592,60.51396648687792,2.0784812319812787,76.6983334419813,78.15571920717369,-1.4573857651923845,79.259242862653707,81.67363586821254,-2.4143930055588356,81.2476223708153,84.95816888187889,-3.7105465110635976,82.0442883633757,87.68561124403753,-5.641322880661832,0.856097766112729
High-income North America,74.8195580384086,71.1134808802927,3.706077158115903,79.0950774577826,79.10587559277371,-0.010798134991119923,80.0938300555705,79.67650301531826,0.4173270402522462,81.2476223708153,81.3676197895061,-0.11999741869080083,82.356658223277,80.4115911005252,1.9450671227517944,0.86346547399092
Canada,74.9536101128661,70.8573767172384,4.096233395627706,79.5909130566986,80.56857427804285,-0.977661221344249,80.7586754387809,81.81112828509158,-1.0524528463106861,81.7283348665087,83.5700426990318,-1.8417078325230989,82.6654709346071,84.0902223220426,-1.4247513874355064,0.873170679735405
Greenland,73.5755407418334,52.23919095101258,21.33634979082081,77.9920854469424,67.46727796960633,10.524807477336068,78.2980556451255,71.07180506497323,7.226250580152268,80.4280765833013,74.8677394103032,5.5603371729981035,81.4087692570189,76.91052654678808,4.4982427102308264,0.82621033634361
USA,74.8195580384086,71.15694215912151,3.662615879287088,79.0950774577826,78.95859654838536,0.13648090939723545,80.0938300555705,79.45668608905639,0.6371439665141168,81.0855606741383,81.12785363269431,-0.04229295855600412,82.356658223277,80.01816231324554,2.3384959100314546,0.862448354015145
Southern Latin America,70.24806740807,63.970305456333314,6.277761951736686,74.0001899335917,76.29838942423814,-2.2981994906464394,75.4869414194759,78.44358549147391,-2.9566440719980136,76.5611958711918,79.62869395777244,-3.067498086580642,78.453875169857,79.85074736084476,-1.3968721909877644,0.735984716622088
Argentina,70.6320829088109,66.92959893266541,3.702483976145487,74.0001899335917,76.01901299913538,-2.0188230655436854,75.4869414194759,77.92028300357481,-2.433341584098912,76.2895284001803,78.95899722389457,-2.6694688237142685,78.1441298705599,79.06813744637932,-0.9240075758194308,0.723122972582249
Chile,69.0099795820207,55.20526887882117,13.804710703199532,74.0001899335917,76.68100905190228,-2.6808191183105805,75.8867615917168,79.81388448701195,-3.927122895295142,77.2583618585503,81.3239372007621,-4.065575342211801,79.259242862653707,81.90492327911969,-2.6456804164659786,0.771514715903929
Uruguay,70.4417784149706,70.2435376044096,0.1982408105610034,73.8600248306864,76.882039927708135,-3.022015097021736,75.0872593306442,78.61177289768429,-3.5245135670400884,76.1547617030033,80.01815618791284,-3.8633944849095343,77.6934696228319,79.35285915248957,-1.6593895296576733,0.719283444839432
Western Europe,74.0001899335917,69.21685684048242,4.7833330931092775,78.453875169857,79.50615006135907,-1.0522748915020657,79.7581335668345,81.526236624097,-1.7681030572624934,80.7586754387809,83.57622514500666,-2.817549706225762,81.8867612982213,84.20513245272264,-2.3183711545013352,0.8487263158736
Andorra,74.5497703263887,77.87827059757024,-3.3285002711815395,78.93228906303,82.3093301452246,-3.3770410821946086,79.5909130566986,83.54688219663997,-3.9559691399413737,81.5690054438387,84.77082169709622,-3.201816253257519,82.5115076344357,85.68594961669257,-3.174441982256866,0.869444112735696
Austria,74.4138015454996,68.57371494125061,5.840086604248981,78.6115528493146,78.95805332374972,-0.34650047443511767,79.9258958724552,81.30866968617738,-1.3827738137221814,81.0855606741383,83.24640734914318,-2.1608466750048763,82.0442883633757,84.0726829210879,-2.028394557712204,0.853837004256539
Belgium,73.7185131922834,68.85052061254964,4.867992579733752,78.2980556451255,79.2905450867227,-0.9924894415972005,79.5909130566986,81.04004719853903,-1.4491341418404318,80.7586754387809,82.79275692497025,-2.0340814861893506,82.0442883633757,84.19481430796529,-2.150525944589589,0.853654015777112
Cyprus,69.4376046972604,61.717312908503025,7.720291788757372,75.7533094834353,76.26764461495829,-0.5143351315229836,78.453875169857,78.05825470768302,0.39562046217398006,80.5938426661382,81.32835973355274,-0.7345170674145436,81.4087692570189,83.20399667473423,-1.7952274177153242,0.835630545002355
Denmark,75.3538195667091,71.90720039771628,3.446619168992825,80.261372930289,77.93406226033818,2.327310669950819,81.5690054438387,79.32759979797862,2.241405645860084,82.356658223277,81.57020137354797,0.7864568497290207,83.2725230817977,83.50393432028531,-0.2314112384876097,0.896424204101212
Finland,73.4309952746431,68.072380202926,5.358615071717097,78.7710642760587,79.39360133498819,-0.6225370589294954,79.9258958724552,81.48181256474565,-1.5559166922904524,81.0855606741383,83.67242779346843,-2.5868671193301225,82.2009195502738,84.93566042396921,-2.734740873695415,0.859831367662218
France,72.6809164009106,69.80123604978135,2.8796803511292524,77.9920854469424,81.1216574473973,-3.1295720004548997,79.42454969997,82.68530269861952,-3.2607529986495223,80.4280765833013,84.5650224110559,-4.136945827754602,81.5690054438387,85.49830378393445,-3.929298340095741,0.838364875196954
Germany,75.4869414194759,70.21326829608043,5.273673123395469,80.7586754387809,78.59728633973526,2.1613890990456355,81.8867612982213,81.16810851389975,0.7186527843215487,82.8185511840716,82.84093835473627,-0.022387170664671885,83.5708086772199,83.402435979298,0.16837269792189602,0.902957091057572
Greece,71.7068614150941,70.85236743467759,0.8544939804165068,76.4249669154543,79.41128876039267,-2.9863218449383595,78.1441298705599,80.84127359529751,-2.6971437247376144,79.42454969997,82.7451511323965,-3.3206014324265,79.9258958724552,82.78181695685858,-2.855921084403377,0.791854407912829
Iceland,73.4309952746431,73.98903652556817,-0.5580412509250721,79.0950774577826,80.16404922472651,-1.0689717669439176,80.4280765833013,82.13723377965415,-1.709157196352848,81.5690054438387,83.42000847167242,-1.8510030278337126,82.6654709346071,84.89295051511438,-2.2274795805072785,0.876361679802766
Ireland,73.8600248306864,67.21081358826665,6.649211242419753,77.6934696228319,77.6149164838134,0.0785531390184957,79.5909130566986,79.3433236267337,0.24758942996488997,81.2476223708153,82.86527494998418,-1.6176525791688903,82.6654709346071,84.47289497634624,-1.8074240417391394,0.873753849787408
Israel,71.7068614150941,72.73834871372993,-1.031487298635838,77.4017895401842,78.79126333685481,-1.3894737966706145,78.6115528493146,80.63827339472554,-2.0267205454109387,79.42454969997,83.41169078007353,-3.9871410801035267,80.5938426661382,85.0958699511706,-4.502027285032398,0.809011651557631
Italy,72.2051812457713,68.88236017228736,3.3228210734839365,77.2583618585503,80.25906068539891,-3.0006988268486054,78.6115528493146,82.43875556567826,-3.827202716363658,79.5909130566986,84.3953927806225,-4.8044797239239045,80.4280765833013,84.8817737685675,-4.4536971852661935,0.805773533613512
Luxembourg,75.6200752848877,68.22625684259577,7.393818442291931,79.5909130566986,78.7458398722499,0.8450731844486938,80.9225798656503,81.3717159395265,-0.4491360738761898,82.0442883633757,83.39643044190186,-1.3521420785261569,82.9707513626629,84.87720750318883,-1.9064561405259326,0.884428955125693
Malta,67.8714481366511,67.41258726274502,0.458860873906076,75.8867615917168,78.74448725962422,-2.8577256679074168,77.4017895401842,81.14181673794056,-3.740027197756362,78.7710642760587,83.29235388355586,-4.521289607497167,80.261372930289,84.06028842099681,-3.798915490707813,0.801585033998971
Monaco,76.8365035323037,68.12118960928639,8.715313923017305,81.7283348665087,81.03104148023756,0.6972933862711415,82.5115076344357,81.36715857505811,1.1443490593775891,83.1220743794233,81.69069000506241,1.4313843743608885,83.7186510337139,81.38840590345343,2.330245130260465,0.908262830989574
Netherlands,75.7533094834353,72.85502203898301,2.8982874444522935,80.0938300555705,80.13273212226726,-0.03890206669674967,81.2476223708153,80.67044319603755,0.57717917477774,82.2009195502738,82.84055501772761,-0.6396354674538145,83.1220743794233,83.22682622439025,-0.10475184496695533,0.888464256397732
Norway,75.8867615917168,73.71710898137107,2.169652610345736,80.0938300555705,80.12889536174298,-0.035065306172469946,81.7283348665087,81.55735450540676,0.1709803611019396,82.8185511840716,83.38318597451853,-0.5646347904469309,83.8656300180755,84.87538143058397,-1.0097514125084643,0.916132810119013
Portugal,68.1073131895351,60.944982588656245,7.16233060087886,74.4138015454996,77.59390662363394,-3.1801050781343463,76.0205453806043,80.07318661770829,-4.052641237103984,77.2583618585503,83.1255173920832,-5.867155533532895,78.453875169857,84.43785792430198,-5.98398275444498,0.744151850665712
San Marino,75.4869414194759,76.23286750073592,-0.7459260812600235,80.7586754387809,82.37006375076685,-1.611388311985948,82.2009195502738,84.50863086432568,-2.307711314051886,82.8185511840716,87.56947627453249,-4.750925090460896,82.9707513626629,88.07022136170345,-5.099469999040551,0.888005473958106
Spain,69.0099795820207,64.4967833968209,4.513196185199803,75.3538195667091,80.43519334780846,-5.081373781099359,76.9758259836149,82.8679929175559,-5.892166933940999,78.2980556451255,85.00329524173439,-6.705239596608891,79.259242862653707,85.7336698954766,-6.474427032822888,0.769283697979998
Sweden,75.4869414194759,72.69932012730708,2.787621292168822,79.7581335668345,80.75578073292479,-0.9976471660902888,81.4087692570189,82.21592752607047,-0.8071582690515697,82.2009195502738,83.75428930610623,-1.5533697558324349,83.1220743794233,85.01637822500193,-1.8943038455786336,0.886880298870342
Switzerland,78.6115528493146,71.08893358445825,7.52261926485636,82.356658223277,81.19997317862348,1.1566850446535142,82.9707513626629,83.13717729115535,-0.1664259284924583,83.7186510337139,85.00274196576542,-1.2840909320515266,84.4449652827042,86.39198477773935,-1.9470194950351498,0.933059110986638
UK,74.6849839445894,71.26928628458056,3.4156976600088456,78.453875169857,78.42145495180611,0.032420218050887684,79.9258958724552,80.06284257726769,-0.1369467048124875,80.9225798656503,82.4970809496897,-1.5745010840393974,82.2009195502738,82.38523369798204,-0.18431414770824972,0.859000181772086
England,74.6849839445894,71.8120111601469,2.87297278444251,78.453875169857,78.64388568154546,-0.19001051168845606,79.9258958724552,80.26827184477736,-0.34237597232215933,80.9225798656503,82.75656577113162,-1.8339859054813132,82.2009195502738,82.63538771812442,-0.4344681678506248,0.861437308955061
Northern Ireland,73.7185131922834,68.65796035269084,5.06055283959256,77.841883595519,77.22767855128099,0.6142050442380054,79.42454969997,79.59493168316331,-0.17038198319330888,80.4280765833013,81.78589592102533,-1.357819337724024,81.5690054438387,82.26721335390226,-0.6982079100635588,0.838531942404431
Scotland,74.4138015454996,67.98053997020915,6.4332615752904445,78.453875169857,76.74927153077013,1.7046036390868693,79.9258958724552,78.56943521147592,1.3564606609792804,80.9225798656503,80.77698746154486,0.14559240410544305,82.0442883633757,80.81160588474192,1.2326824786337767,0.852061415683923
Wales,73.8600248306864,71.05831852183292,2.8017063088534826,77.4017895401842,78.49574581883367,-1.0939562786494719,78.93228906303,79.72333475504196,-0.7910456920119628,79.9258958724552,81.883256632878485,-1.9573607604232848,81.4087692570189,81.08079442941066,0.32797482760824437,0.834278535544851
Latin America and Caribbean,59.6312176929137,52.37515203433793,7.256065658575771,71.3608135890746,72.73393197446889,-1.3731183853942923,72.8349361524656,75.81552359758714,-2.980587445121543,74.27695938059,76.10793808298712,-1.8309787023971182,75.6200752848877,75.91765989270989,-0.29758460782218776,0.64654128472505
Andean Latin America,60.6428371254562,42.50695955073342,18.135877574722777,71.3608135890746,70.56436130109876,0.7964522879758391,72.6809164009106,74.82973976291866,-2.1488233620080592,74.1391275715876,77.30010518409179,-3.1609776125041975,75.8867615917168,74.26556048598655,1.6212011057302504,0.651602455956311
Bolivia,57.5465581966163,38.22939370588582,19.317164490730484,68.3390499889094,62.431102644133304,5.90794734477609,70.8190609217835,67.4364489867127,3.3826119350707984,72.6809164009106,71.04931840045158,1.6315980004590216,74.5497703263887,68.78752991742684,5.762240408961858,0.5990107988623
Ecuador,62.9062462784261,51.21689680565365,11.689349472772456,72.0417136731455,74.17950411005128,-2.1377904369057887,72.8349361524656,76.57450096085692,-3.7395648083913215,74.1391275715876,77.52936949251365,-3.3902419209260586,76.1547617030033,77.13173657415781,-0.9769748711545105,0.66101705262103
Peru,60.6428371254562,41.21230503448866,19.43053209096754,71.7068614150941,71.98529990258646,-0.278438487492366,72.9868451753022,76.77260874820863,-3.7857635729064327,74.5497703263887,79.65631462376463,-5.106544297375933,76.0205453806043,74.92253859856075,1.098006782043555,0.662054036755862
Caribbean,62.9062462784261,57.012311746469294,5.893934531956809,72.0417136731455,69.8245427072676,2.217170965877898,73.1367533946436,72.11341645844979,1.0233369361938145,74.5497703263887,56.44781572928475,18.101954597103948,75.4869414194759,72.516066698972935,2.9708747205029624,0.642003054597226
Antigua and Barbuda,62.9062462784261,60.289512231353896,2.6167340470722067,74.8195580384086,77.3527034170198,-2.533145378611195,76.0205453806043,76.75155769655946,-0.7310123159551551,77.4017895401842,78.00118628107762,-0.5993967408934253,78.6115528493146,77.05337859300042,1.5581742563141887,0.749886887369379
The Bahamas,70.4417784149706,60.142330843598096,10.299447571372504,76.9758259836149,74.50177908751581,2.4740468960990825,78.2980556451255,74.4065386516589,3.8915169934665954,79.42454969997,76.3413042999429,3.0832454000270957,80.4280765833013,73.64274284038927,6.78533374291203,0.805020667882124
Barbados,67.8714481366511,56.50067453486258,11.370773601788514,75.8867615917168,76.08607256996328,-0.19931097824647281,76.5611958711918,76.73778468650333,-0.1765888153115327,77.5467977046945,77.20384540983272,0.3429522948617745,78.453875169857,77.63023698701738,0.8236381828396162,0.746748764251474
Belize,59.9709048121413,56.584330146725115,3.386574665416184,68.3390499889094,75.6222529083729,-7.2832029194635055,71.3608135890746,73.29528743708745,-1.934473848012857,73.2847680345981,76.19035456019685,-2.90558652559875,74.6849839445894,76.09801116518337,-1.4130272205939605,0.610229002222948
Bermuda,68.1073131895351,66.518785167403,1.5885280221321096,76.9758259836149,77.40897242671171,-0.4331464430968168,78.1441298705599,80.77709316670197,-2.63296329614208,79.9258958724552,84.93269173138953,-5.006795858934325,80.9225798656503,83.30716916216525,-2.384589296514946,0.821365422389484
Cuba,65.8323566289892,68.86068765452202,-3.0283310255328217,73.2847680345981,76.71149416566742,-3.426726131069316,73.4309952746431,79.1500154594406,-5.7190201847975,74.8195580384086,80.42729404252293,-5.607736004114329,76.2895284001803,77.28772352401533,-0.998195123835032,0.668729864363244
Dominica,65.8323566289892,49.723377138218375,16.108979490770828,73.2847680345981,74.67238599414226,-1.3876179595441585,75.6200752848877,75.44101277661137,0.1790625082763313,77.1164068999939,75.67723788052535,1.439169019468551,78.453875169857,73.3444135590216,5.109461610835396,0.746967184749286
Dominican Republic,50.2015656534055,56.32016158123024,-6.118595927824735,69.0099795820207,73.41286885391573,-4.40288927189502,71.183347145972,76.91753514614541,-5.734188000173418,73.5755407418334,76.92872580392961,-3.353185062096216,74.9536101128661,77.25819988734935,-2.3045897744832473,0.619388201281128
Grenada,56.1174193547739,58.88866300353605,-2.7712436487621517,69.0099795820207,72.58243782360607,-3.572458241585366,72.6809164009106,76.47828833165862,-3.797371930748014,74.8195580384086,75.93826578221626,-1.1187077438076614,76.2895284001803,72.94049332588385,3.3490350742964523,0.668993028326993
Guyana,60.3081385554543,52.88296611730281,7.425172438151492,69.8501095562065,66.53181592265175,3.3182936335547595,72.3661382011684,67.8434071727895,4.5227310283788995,73.8600248306864,69.6275308971695,4.232493933516892,75.7533094834353,68.6029786787974,7.150330804637903,0.650812335285137
Haiti,53.1042598292021,41.448202262918876,11.656057566283224,61.9547290274367,54.081838650731875,7.872890376704824,65.2799188138218,56.64786664631444,8.632052167507354,67.6314133302304,27.552066306839283,40.07934702339112,69.4376046972604,61.497073142602616,7.940531554657781,0.448278284992742
Jamaica,64.9973424672651,58.64541745341713,6.351925013847968,72.5246834933001,76.5371805230173,-4.012497029717196,74.27695938059,76.82431145173499,-2.547352071144985,75.4869414194759,79.39708248093274,-3.910141061456841,76.6983334419813,76.37752168505443,0.32081175692687225,0.683263063531091
Puerto Rico,67.1386999129439,62.93819073544146,4.200509177502447,76.0205453806043,78.15821305302603,-2.1376676724217276,77.4017895401842,80.17727552831431,-2.7754859881301144,78.93228906303,83.22630363105675,-4.294014568026753,81.0855606741383,84.47761827349352,-3.392057599355212,0.825525846914029
Saint Kitts and Nevis,63.5230484093694,60.18535164263694,3.3376967667324635,73.8600248306864,69.23240937955313,4.627615451133266,75.6200752848877,73.45074509279664,2.169330192091067,77.6934696228319,75.69863385261003,1.9948357702218686,78.93228906303,75.49092319397525,3.4413658690547493,0.754987054945241
Saint Lucia,59.6312176929137,53.5685509667648,6.062666726148898,71.183347145972,72.50801282326442,-1.3246656772924297,73.8600248306864,76.24407580604738,-2.384050975360978,75.3538195667091,79.3903136269848,-4.0364940602757,76.2895284001803,76.50247066441324,-0.21294226423293594,0.672509735365292
Saint Vincent and the Grenadines,58.5982922153341,53.25095742285189,5.347334792482208,70.4417784149706,71.80768262548624,-1.3659042105156374,72.5246834933001,73.5152447594621,-0.990561266162004,74.0001899335917,75.12567763372435,-1.125487700132652,75.4869414194759,75.24672610209856,0.24021531737733426,0.637195962512539
Suriname,59.6312176929137,61.175237892917536,-1.5440202000038354,71.5352857676637,71.06794370623248,0.4673420614312107,72.8349361524656,72.97923592532116,-0.14429977285556106,74.4138015454996,75.62049562331697,-1.2066940778173745,75.4869414194759,74.24459291739329,1.2423485020826064,0.63366573910901
Trinidad and Tobago,66.6289949661754,59.233445374917665,7.395549591257733,75.0872593306442,71.89419695964808,3.193062370996117,76.4249669154543,73.0342172864289,3.3907496290254073,78.1441298705599,76.83107053506102,1.3130593354988775,79.259242862653707,75.02296004432908,4.236282818324625,0.768763253980677
Virgin Islands,69.2257150765922,64.79154412250054,4.434170954091655,75.8867615917168,75.38152989682433,0.5052316948924727,77.4017895401842,76.95080099022647,0.45098854995772797,79.9258958724552,80.62382886757104,-0.6979329951158348,80.9225798656503,82.26324163286749,-1.3406617672171848,0.821830853383701
Central Latin America,59.9709048121413,51.04893444297744,8.921970369163859,70.8190609217835,73.47224989205498,-2.653188970271472,72.5246834933001,76.73457930889043,-4.209895815590329,74.0001899335917,78.47125649707571,-4.471066563484015,75.6200752848877,75.71083784193458,-0.09076255704687242,0.640685100088415
Colombia,59.6312176929137,55.95984315074891,3.6713745421647914,70.8190609217835,74.96330622991846,-4.1442453081349555,72.3661382011684,78.39193572388498,-6.025797522716587,74.0001899335917,81.24518698754163,-7.24499705394993,75.8867615917168,79.68980093602951,-3.803039344312708,0.655442912568827
Costa Rica,61.9547290274367,57.39739932589529,4.557329701541406,72.5246834933001,79.25066627238216,-6.725982779082059,74.0001899335917,80.52208992069541,-6.521899987103708,75.3538195667091,82.33603599997565,-6.982216433266544,77.2583618585503,81.18036697355221,-3.922005115001909,0.700340476999325
El Salvador,53.4975405417883,46.21585882584433,7.281681715943968,65.8323566289892,74.37324266280933,-8.54088603382013,69.2257150765922,78.45030977773182,-9.224594701139623,71.5352857676637,79.65625250362851,-8.120966735964814,73.4309952746431,77.23903687798274,-3.808041603339646,0.563775187564695
Guatemala,54.2686905696869,41.83595183823091,12.432738731455991,62.2752308850152,65.38322196682354,-3.1079910818083434,66.1021838099935,70.29836863064872,-4.196184820655219,70.050868820996,73.56155141721618,-3.510682596220178,72.3661382011684,72.71794435003017,-0.351806148861769,0.539972423611408
Honduras,53.1042598292021,40.51309004852992,12.591169780672182,63.2164859742509,71.02245605758198,-7.805970083331076,66.6289949661754,70.74698320815087,-4.117988241975468,69.6457129421574,71.76332793823677,-2.117614996079368,71.875638711428,70.66243148230066,1.2132072291273346,0.513037248307344
Mexico,60.6428371254562,49.732443726323226,10.910393399132971,71.5352857676637,73.19380538491308,-1.6585196172493823,73.2847680345981,76.35011979001199,-3.065351755413886,74.4138015454996,77.72913724375188,-3.3153356982522837,76.1547617030033,74.66627018224067,1.4884915207626364,0.664575304259183
Nicaragua,55.0198920400019,49.54516776436051,5.4747242756413925,64.1247263242206,76.99407433655892,-12.869348012338321,67.8714481366511,80.06873259845437,-12.197284461803278,70.24806740807,79.62713319619762,-9.379065788127619,72.2051812457713,76.83175829415576,-4.626577048384462,0.523958472235925
Panama,63.8258257921701,63.23562371633366,0.5902020758364372,72.8349361524656,78.89139316690405,-6.05645701443845,74.1391275715876,80.8983840668233,-6.759256495235704,75.0872593306442,81.9781130171533,-6.890853686509104,77.2583618585503,81.37618444858211,-4.117822590031807,0.708864827518009
Venezuela,62.9062462784261,57.11512371707897,5.79112256134713,71.875638711428,75.17199969496531,-3.296360983537312,73.4309952746431,78.66628021890118,-5.235284944258083,74.4138015454996,80.08381761668113,-5.670016071181536,74.8195580384086,74.61500444825884,0.20455359014975727,0.596513058857335
Tropical Latin America,57.899057638423,55.41809233651114,2.4809653019118656,71.3608135890746,73.21806441909726,-1.8572508300226644,72.6809164009106,76.01454983960771,-3.333633438697106,74.4138015454996,78.15982947008983,-3.746027924590237,75.7533094834353,77.33398075980216,-1.5806712763668571,0.652442393942196
Brazil,57.899057638423,55.36500005886559,2.5340575795574125,71.3608135890746,73.10927053641623,-1.7484569473416371,72.6809164009106,75.96648603042004,-3.285569629509439,74.4138015454996,78.15673411596522,-3.7429325704656264,75.7533094834353,77.37337765424753,-1.6200681708122318,0.65304388724724
Paraguay,59.6312176929137,59.83817417314454,-0.20695648023083635,70.4417784149706,77.15554150697729,-6.713763092006687,72.3661382011684,77.90161331684494,-5.535475115676547,74.0001899335917,78.15714175326652,-4.156951819674816,75.7533094834353,75.85866183601367,-0.10535235257836462,0.635718098852038
North Africa and Middle East,53.4975405417883,45.75721171627436,7.740328825513934,69.0099795820207,67.23754901377282,1.7724305682478843,72.0417136731455,71.13858228580949,0.9031313873360034,73.8600248306864,73.85301406775633,0.007010762930065084,76.0205453806043,73.68666260205316,2.3338827785511427,0.658224715222995
North Africa and Middle East,53.4975405417883,45.75721171627436,7.740328825513934,69.0099795820207,67.23754901377282,1.7724305682478843,72.0417136731455,71.13858228580949,0.9031313873360034,73.8600248306864,73.85301406775633,0.007010762930065084,76.0205453806043,73.68666260205316,2.3338827785511427,0.658224715222995
Afghanistan,45.5722585745265,37.9552345250574,7.6170240494691015,51.8928246089626,52.460317608565596,-0.5674929996029974,52.301964893047,54.075685673615936,-1.7737207805689366,57.5465581966163,59.829472305453876,-2.2829141088375735,63.5230484093694,60.678978183944366,2.8440702254250354,0.337199997837472
Algeria,49.3223208460282,44.53460310762752,4.78771773840068,69.8501095562065,71.15565646072366,-1.3055469045171577,72.6809164009106,73.99081238768775,-1.3098959867771498,74.5497703263887,76.0151210444895,-1.465350718100808,76.0205453806043,75.37755748822735,0.6429878923769508,0.659500924324217
Bahrain,56.4778140347531,52.723586070058666,3.7542279646944365,74.0001899335917,70.54907812088442,3.451111812707282,75.6200752848877,71.28293002087636,4.33714526401134,77.2583618585503,75.01004370869926,2.2483181498510447,78.93228906303,75.07646491846948,3.855824144560515,0.753043204117567
Egypt,56.4778140347531,45.47929408079851,10.998519953954592,68.1073131895351,63.737286376410914,4.370026813124191,71.5352857676637,68.65318486473952,2.8821009029241793,71.183347145972,69.32875449359737,1.8545926523746203,74.5497703263887,70.1765133464729,4.373256979915794,0.6067870937016
Iran,51.8928246089626,43.710659433121926,8.182165175840673,69.6457129421574,69.52480029357739,0.12091264858001693,73.4309952746431,74.97990769080987,-1.5489124161667718,75.4869414194759,78.0528145301324,-2.565873110656497,77.1164068999939,77.21317472076946,-0.09676782077555401,0.697207397661899
Iraq,50.2015656534055,58.55902183386761,-8.357456180462108,67.3871711659686,70.33717205129525,-2.9500008853266593,69.8501095562065,71.81715200364675,-1.9670424474402495,72.2051812457713,73.82737450787597,-1.6221932621046733,75.8867615917168,73.46725183438528,2.419509757331525,0.662626230762701
Jordan,48.4201082870198,52.933894207635646,-4.513785920615845,72.6809164009106,71.91408945016482,0.7668269507457808,74.1391275715876,72.2190317259191,1.9200958456684987,76.0205453806043,77.18544475756859,-1.1648993769642857,77.841883595519,77.57055363927208,0.271329956246916,0.725307226832443
Kuwait,62.5924477188592,67.23753823390585,-4.645090515046654,76.4249669154543,77.27882326817208,-0.85385635271777,77.6934696228319,80.18825108797348,-2.4947814651415854,79.7581335668345,82.82269004990425,-3.064556483069751,81.7283348665087,85.06620690110411,-3.3378720345954065,0.846651054742869
Lebanon,59.2891627857456,55.79651470198734,3.4926480837582616,72.3661382011684,73.07727022151217,-0.7111320203437685,73.8600248306864,76.89850095884903,-3.0384761281626282,76.1547617030033,80.01994789032621,-3.865186187322905,78.2980556451255,78.3853555142341,-0.08729986910860532,0.74474635096338
Libya,50.2015656534055,43.73093500815932,6.470630645246182,72.5246834933001,74.53508693890778,-2.010403445607679,75.4869414194759,76.20433961166806,-0.7173981921921637,77.6934696228319,74.92040560161658,2.773064021215319,78.1441298705599,73.37326639946774,4.770863471092156,0.725771398888229
Morocco,45.076680100171,43.713946754894685,1.362733345276311,64.9973424672651,68.33893478062211,-3.341592313357012,67.8714481366511,71.25218175859004,-3.380733621938944,70.4417784149706,73.09798025155307,-2.6562018365824684,73.2847680345981,73.91338851353777,-0.6286204789396663,0.562698300927195
Oman,48.4201082870198,42.864495309448195,5.555612977571606,68.566706333017,72.34613083577666,-3.7794245027596673,74.6849839445894,75.71734554881931,-1.032361604229905,77.4017895401842,77.3294013044706,0.07238823571360342,79.259242862653707,76.28054031871542,2.978702543938283,0.77339160187173706
Palestine,49.3223208460282,46.202074353568655,3.120246492459543,67.1386999129439,71.66427535240551,-4.525575439461605,69.8501095562065,73.16364554814055,-3.313535991934046,72.2051812457713,74.91769063105238,-2.7125093852810807,75.2206238903527,76.21061207494665,-0.9899881845939547,0.631011665054344
Qatar,58.5982922153341,62.480260620019195,-3.8819684046850966,75.7533094834353,72.67706890048245,3.076240582952849,77.5467977046945,73.68872803087915,3.8580696738153506,79.5909130566986,75.55191758488756,4.038995471811035,81.7283348665087,79.1950957217446,2.53323914476411,0.846860584038945
Saudi Arabia,54.6466922582678,53.332997391131514,1.3136948671362845,72.6809164009106,69.35664444206516,3.3242719588454435,75.6200752848877,71.55313010468669,4.066945180201017,78.2980556451255,73.51687353672689,4.78118210839861,80.7586754387809,75.09171681958541,5.6669586191954835,0.815143493214829
Sudan,48.4201082870198,47.10971940159639,1.3103888854234143,60.6428371254562,59.19346661898805,1.4493705064681492,64.1247263242206,64.11276313005332,0.011963194167279312,68.7903310395569,68.76439912266854,0.025931916888367823,72.6809164009106,70.0997163613621,2.5812000395485057,0.54194973514933
Syria,51.0582521090713,54.60166002849696,-3.543407919425661,68.566706333017,70.65756419389996,-2.090857860882963,71.5352857676637,72.76773016688946,-1.2324443992257699,74.27695938059,75.567292729666,-1.2903333490759934,75.0872593306442,74.67626565899751,0.4109936716466933,0.62300407463119
Tunisia,50.2015656534055,43.95776784657473,6.24379780683077,70.24806740807,74.38315061179279,-4.135083203722786,73.2847680345981,76.91530925658947,-3.630541221991365,75.0872593306442,78.856606013099,-3.7693466824547954,76.5611958711918,77.05346982490042,-0.4922739537086187,0.682432215876962
TÃ¼rkiye,57.1921792285516,49.968344100149125,7.223835128402477,69.8501095562065,71.31250377194482,-1.462394215738314,72.5246834933001,77.62359005769024,-5.098906564390134,74.8195580384086,79.56531898747978,-4.745760949071183,77.4017895401842,78.26409921243632,-0.862309672252124,0.712692673098478
United Arab Emirates,53.8856623870383,57.37576853480047,-3.4901061477621695,75.6200752848877,70.88386694249431,4.736208342393397,78.93228906303,72.49684677877164,6.435442284258357,81.2476223708153,71.25674935218991,9.99087301862538,81.8867612982213,71.53928675319712,10.347474545024184,0.849317734035032
Yemen,44.0673916031811,31.985515008323294,12.081876594857807,55.3890195811381,60.47562326423736,-5.086603683099263,61.3044054175932,64.70908238267937,-3.4046769650861677,66.8859799394774,69.38137599588183,-2.495396056404431,69.4376046972604,68.4775642338106,0.9600404634498005,0.450376375244811
South Asia,52.7057557978914,39.632945273046815,13.072810524844584,62.5924477188592,61.54907366796122,1.043374050897981,66.3677313058587,65.39642256985363,0.9713087360050707,69.6457129421574,69.36722348233555,0.2784894598218557,73.2847680345981,70.79190282582319,2.4928652087749157,0.55786465678337
South Asia,52.7057557978914,39.632945273046815,13.072810524844584,62.5924477188592,61.54907366796122,1.043374050897981,66.3677313058587,65.39642256985363,0.9713087360050707,69.6457129421574,69.36722348233555,0.2784894598218557,73.2847680345981,70.79190282582319,2.4928652087749157,0.55786465678337
Bangladesh,46.5453631944608,43.27373476509172,3.2716284293690805,56.4778140347531,60.214545029171894,-3.7367309944187923,61.3044054175932,67.07630945661231,-5.771904039019105,65.5582617555982,71.14909730540765,-5.590835549809455,71.183347145972,74.0954128991265,-2.9120657531545078,0.492420884955353
Bhutan,40.8944999313992,38.004735725159065,2.8897642062401374,55.3890195811381,60.206647407345315,-4.8176278262072145,61.3044054175932,65.57419745418284,-4.269792036589635,67.1386999129439,72.51752860563325,-5.378828692689339,70.4417784149706,74.92191306054455,-4.480134645573955,0.473062378179926
India,53.4975405417883,38.61660893143607,14.880931610352228,63.2164859742509,61.73157426413546,1.4849117101154405,66.8859799394774,65.56122069225678,1.3247592472206122,70.050868820996,69.63424286224708,0.4166259587489236,73.8600248306864,71.24289712791038,2.617127702776017,0.575401649396992
Nepal,45.5722585745265,40.79541323834607,4.776845336180429,54.2686905696869,58.41727464799206,-4.148584078305156,59.6312176929137,66.25034201046742,-6.6191243175537195,64.7105684116153,70.62144033788118,-5.910871926265884,68.7903310395569,70.7613170618207,-1.9709860222638014,0.43317463481343
Pakistan,50.6327016379749,46.143833516135494,4.488868121839403,61.9547290274367,62.866427059655194,-0.9116980322184958,65.8323566289892,62.94504648589223,2.8873101430969754,68.7903310395569,65.74424319536473,3.046087844192172,71.5352857676637,66.40056881634676,5.134716951316932,0.504028688613448
"Southeast Asia, east Asia, and Oceania",54.6466922582678,49.59559732756929,5.051094930698511,70.24806740807,69.35274449884572,0.8953229092242765,72.9868451753022,72.3271181191552,0.6597270561469912,75.2206238903527,76.20843717148541,-0.9878132811327163,76.9758259836149,78.55429318181382,-1.578467198198922,0.698849901190716
East Asia,53.8856623870383,50.55360217131692,3.332060215721384,70.24806740807,70.08661120038246,0.16145620768753588,73.2847680345981,73.25028903609578,0.03447899850232261,75.7533094834353,77.75264540196316,-1.999335918527862,77.841883595519,80.70817762490226,-2.866294029383269,0.725704902048078
China,53.1042598292021,50.719100770533615,2.385159058668485,69.8501095562065,69.93506539027733,-0.08495583407082563,72.8349361524656,73.41553665079171,-0.5806004983261062,75.4869414194759,77.772979774363165,-2.2860383548872676,77.6934696228319,80.73408758698666,-3.0406179641547624,0.721629759719777
North Korea,62.9062462784261,41.180316594161035,21.72592968426507,71.183347145972,72.38620054133763,-1.2028533953656364,71.183347145972,64.84471504029123,6.338632105680759,72.5246834933001,73.43691275743059,-0.9122292641304881,73.5755407418334,76.21680717186155,-2.6412664300281534,0.569854634067777
Taiwan (province of China),60.9749540602082,58.4179240972577,2.5570299629504945,76.2895284001803,77.28090364055181,-0.9913752403715108,78.7710642760587,79.774358589331,-1.0032943132723062,81.0855606741383,83.00342050149442,-1.9178598273561107,82.6654709346071,84.59325578522457,-1.9277848506174706,0.874747053187929
Oceania,55.7546351554446,49.172175975608496,6.582459179836107,66.6289949661754,64.52084785515383,2.108147111021566,68.3390499889094,65.65450486315967,2.6845451257497217,69.0099795820207,66.57084455980073,2.439135022219972,70.050868820996,66.61647275979965,3.4343960611963524,0.46744512593133
American Samoa,70.8190609217835,63.18245312393011,7.636607797853394,74.8195580384086,73.7629267141842,1.0566313242243979,75.4869414194759,73.04491679657069,2.4420246229052083,76.1547617030033,72.6249736762249,3.529788026778405,77.2583618585503,72.80876354625711,4.44959831229319,0.723727533059592
Cook Islands,63.5230484093694,46.66452517489628,16.858523234473118,73.4309952746431,71.44582795596199,1.985167318681107,75.3538195667091,75.63249254317121,-0.2786729764621043,77.4017895401842,78.770164481543,-1.3683749413588089,79.5909130566986,79.6276550598849,-0.03674200318630483,0.779109954659683
Fiji,61.3044054175932,59.17665321480019,2.127752202793012,72.5246834933001,69.12561679538837,3.399066697911735,74.1391275715876,68.17960358197328,5.959523989614311,74.9536101128661,69.17014134332182,5.783468769544285,76.2895284001803,68.7560578498608,7.533470550319507,0.675051630810876
Guam,73.4309952746431,70.09386631744277,3.3371289572003207,76.5611958711918,75.77876158492491,0.7824342862668914,77.841883595519,78.57904536649036,-0.7371617709713689,78.93228906303,82.94168651834774,-4.009397455317739,80.261372930289,82.87786738878258,-2.6164944584935768,0.803982202863145
Kiribati,59.2891627857456,48.04138949192138,11.247773293824224,67.6314133302304,61.532816411210675,6.098596919019727,69.2257150765922,63.51834153242372,5.707373544168476,70.6320829088109,65.08791170229532,5.5441712065155855,72.2051812457713,66.97734251544827,5.227838730323029,0.527186582842681
Marshall Islands,56.4778140347531,53.56381456876203,2.9139994659910755,68.566706333017,66.27277386912624,2.293932463890755,70.24806740807,63.86536714254986,6.382700265520143,71.875638711428,64.62027316618071,7.255365545247287,73.5755407418334,66.81433063370484,6.761210108128552,0.574091128177309
Federated States of Micronesia,56.8359992052923,45.10486387017536,11.731135335116946,69.8501095562065,65.56702810198722,4.283081454219285,71.7068614150941,66.76682900457375,4.940032410520345,72.9868451753022,68.57428643781917,4.412558737483025,74.1391275715876,69.6812102668589,4.457917304728696,0.587534967103163
Nauru,66.8859799394774,54.50502432885054,12.380955610626856,72.6809164009106,64.32924588839529,8.351670512515312,72.0417136731455,61.45642612181082,10.585287551334673,72.6809164009106,62.03594171822716,10.644974682683447,75.0872593306442,65.71472903489301,9.37253029575119,0.625177833565553
Niue,63.5230484093694,54.480440196167265,9.042608213202136,74.0001899335917,71.94866040913408,2.051529524457621,75.2206238903527,71.60859287309695,3.6120310172557453,76.6983334419813,72.65063321960284,4.047700222378467,77.841883595519,69.23879975058668,8.603083844932314,0.726222049709539
Northern Mariana Islands,69.2257150765922,65.41927658244882,3.8064384941433786,77.5467977046945,73.17556326285288,4.371234441841622,78.7710642760587,75.27071934528156,3.500344930777132,78.7710642760587,76.22210469954436,2.548959576514335,79.5909130566986,75.03136067858705,4.5595523781115475,0.771535213383281
Palau,68.1073131895351,50.76603305517282,17.341280134362286,76.1547617030033,68.62684780998889,7.527913893014414,77.2583618585503,69.73339090828736,7.52497095026294,77.841883595519,69.46516870298372,8.376714892535276,78.7710642760587,70.45904273987861,8.312021536180083,0.75404693141209
Papua New Guinea,49.3223208460282,45.85294227071961,3.469378575308589,61.9547290274367,62.76410679836054,-0.8093777709238381,64.7105684116153,64.42923214126398,0.2813362703513178,66.1021838099935,65.48879016869398,0.613393641299524,68.1073131895351,65.52150181578483,2.585811373750275,0.417797443084353
Samoa,60.3081385554543,58.03852247620052,2.2696160792537796,70.8190609217835,71.09889661483038,-0.27983569304687705,71.875638711428,71.66375878330159,0.21187992812640744,73.1367533946436,72.0337732457275,1.102980148916103,74.1391275715876,71.91923837075886,2.2198892008287316,0.593392769469481
Solomon Islands,51.8928246089626,48.61882288369867,3.274001725263929,61.3044054175932,64.1046855659081,-2.800280148314897,64.7105684116153,65.77757342024024,-1.067005008624946,66.1021838099935,66.92081991839575,-0.8186361084022451,68.566706333017,68.35782862080617,0.2088777122108212,0.429360316406646
Tokelau,60.9749540602082,58.18389386307385,2.7910601971343496,72.0417136731455,68.63305771861715,3.408655954528342,73.5755407418334,70.27273383318118,3.302806908652215,75.2206238903527,72.21240804898251,3.0082158413701876,76.6983334419813,67.84429625724538,8.85403718473593,0.68642562083005
Tonga,58.9448295825468,62.8672089973752,-3.9223794148283986,71.0027887547265,73.13142091667574,-2.128632161949241,72.8349361524656,73.94724727722937,-1.1123111247637638,73.8600248306864,74.63964050023219,-0.779615669545791,75.2206238903527,75.68631230549573,-0.4656884151430347,0.626349935807987
Tuvalu,58.5982922153341,49.19196415186013,9.406328063473971,66.8859799394774,62.46501786801508,4.420962071462313,70.24806740807,63.52647796185152,6.721589446218481,72.0417136731455,68.96261373226474,3.0790999408807522,73.7185131922834,70.63574964001724,3.082763552266158,0.576620529344684
Vanuatu,53.8856623870383,49.85008307916979,4.03557930786851,64.4196664780328,67.22047895010726,-2.800812472074469,66.6289949661754,68.0913378787219,-1.4623429125465037,68.566706333017,69.3046199898736,-0.7379136568566054,70.24806740807,69.39932121884047,0.84874618922953,0.473100705820327
Southeast Asia,56.1174193547739,47.236932440941224,8.880486913832677,70.050868820996,67.90101832534543,2.1498504956505684,72.5246834933001,70.51311286513426,2.011570628165842,74.0001899335917,73.27042946276701,0.7297604708246865,75.7533094834353,74.26507320676151,1.4882362766737884,0.649777295166023
Cambodia,53.4975405417883,45.43296728699201,8.064573254796287,60.6428371254562,59.61261197820364,1.0302251472525583,63.5230484093694,62.43885075203766,1.0841976573317424,67.6314133302304,69.16469089586403,-1.5332775656336253,70.4417784149706,70.97929396620016,-0.5375155512295606,0.473621490708013
Indonesia,53.8856623870383,44.449591016287414,9.436071370750888,69.6457129421574,65.35101089199962,4.294702050157781,72.5246834933001,68.30147546627705,4.223208027023048,74.0001899335917,70.76638741556037,3.2338025180313252,76.0205453806043,72.02926328720055,3.991282093403754,0.656868336261681
Laos,48.8741095559134,40.99049713235056,7.8836124235628375,58.9448295825468,54.55580911101786,4.389020471528944,62.9062462784261,60.01632192605902,2.889924352367082,67.8714481366511,67.03782043048055,0.8336277061705459,71.0027887547265,70.35678269019093,0.6460060645355696,0.489136091456599
Malaysia,55.3890195811381,57.53325994317189,-2.1442403620337913,72.8349361524656,74.54884675461469,-1.7139106021490846,75.2206238903527,75.60983280152588,-0.3892089111731849,76.8365035323037,76.38468837005765,0.45181516224604934,78.2980556451255,75.7296151474805,2.5684404976449997,0.742523828414751
Maldives,53.8856623870383,36.37704828623648,17.50861410080182,63.2164859742509,65.42008377878122,-2.203597804530318,70.6320829088109,72.83153080509432,-2.1994478962834165,73.8600248306864,79.29858059969418,-5.4385557690077775,76.0205453806043,81.18498758796014,-5.164442207355833,0.650886627343107
Mauritius,60.9749540602082,52.62190619897499,8.353047861233208,72.8349361524656,74.05945278860074,-1.2245166361351352,74.5497703263887,75.46759561121657,-0.9178252848278703,76.0205453806043,77.7766164819788,-1.756071101374502,77.6934696228319,76.8653793064928,0.8280903163391002,0.718260445552653
Myanmar,49.3223208460282,35.76564461448882,13.556676231539377,62.5924477188592,58.08707257492629,4.505375143932909,65.5582617555982,61.38153565985385,4.176726095744343,69.8501095562065,67.64661263491827,2.2034969212882345,72.3661382011684,71.15469988817291,1.211438312995483,0.533900839611906
Philippines,63.5230484093694,58.848268035670074,4.674780373699328,71.7068614150941,71.78807571778482,-0.08121430269072505,72.8349361524656,73.83537878227835,-1.0004426298127527,73.5755407418334,74.01246890411036,-0.4369281622769705,75.8867615917168,72.20141671903535,3.685344872681455,0.651219328702707
Seychelles,65.5582617555982,62.927918929372595,2.6303428262256006,73.7185131922834,75.53806250167608,-1.8195493093926842,75.7533094834353,76.62241213898298,-0.8691026555476782,76.5611958711918,77.01883509664982,-0.45763922545802416,77.9920854469424,76.47897299038864,1.5131124565537561,0.730150774629382
Sri Lanka,63.2164859742509,54.07120744019887,9.145278534052032,72.0417136731455,74.1253776579663,-2.0836639848208023,73.8600248306864,76.4534828368603,-2.593458006173904,75.3538195667091,78.21141891757438,-2.8575993508652715,77.1164068999939,79.72991996061485,-2.613513060620946,0.70153493519423
Thailand,56.8359992052923,53.85943835892075,2.976560846371555,71.5352857676637,74.61344469853762,-3.0781589308739257,73.8600248306864,75.14782917124977,-1.287804340563369,75.0872593306442,79.06068249263404,-3.9734231619898424,76.5611958711918,80.25776074278374,-3.6965648715919457,0.682547932974593
Timor-Leste,46.0618126141244,42.704039382035624,3.3577732320887748,58.5982922153341,59.675102727294025,-1.076810511959927,63.8258257921701,65.78483649988384,-1.9590107077137375,66.8859799394774,70.310635583849745,-3.4246556443723506,69.4376046972604,70.50199525276628,-1.0643905555058808,0.444667618881833
Viet Nam,55.0198920400019,50.31199782355072,4.70789421645118,67.3871711659686,73.19869653164882,-5.811525365680225,71.0027887547265,76.37539310341676,-5.37260434869026,73.2847680345981,77.39589147946519,-4.11112344486709,74.9536101128661,78.32653883097993,-3.372928718113826,0.627933720680671
Sub-Saharan Africa,50.6327016379749,43.88470500031307,6.747996637661828,60.9749540602082,55.61968326904764,5.355270791160557,63.2164859742509,54.53895492582166,8.677531048429238,66.3677313058587,60.525368765350066,5.842362540508631,69.8501095562065,64.09178699158224,5.758322564624265,0.458587301057606
Central sub-Saharan Africa,50.2015656534055,44.03521828211187,6.166347371293632,61.3044054175932,55.04744176783412,6.256963649759079,62.5924477188592,54.60079141355418,7.991656305305021,66.6289949661754,59.83837464544304,6.7906203207323586,70.8190609217835,63.82818462590017,6.990876295883332,0.472255650923077
Angola,48.4201082870198,45.31917042936,3.100937857659801,59.2891627857456,52.21230989613932,7.076852889606286,61.9547290274367,55.03684543012097,6.917883597315729,66.3677313058587,62.31707783163425,4.050653474224447,70.6320829088109,63.734412175951505,6.897670732859396,0.453721949492174
Central African Republic,46.0618126141244,45.3458120102098,0.7160006039146012,55.3890195811381,50.342916105060944,5.046103476077157,57.5465581966163,45.037682911909506,12.508875284706797,59.9709048121413,50.40868702458902,9.562217787552278,61.9547290274367,55.247982147366386,6.7067468800703125,0.309167689992842
Congo (Brazzaville),51.4782736512409,39.285898367976756,12.192375283264141,68.1073131895351,56.88361721040106,11.223695979134042,69.8501095562065,53.38033099496811,16.469778561238392,71.5352857676637,60.25221327264743,11.283072495016263,74.0001899335917,63.109056319079194,10.891133614512505,0.583075236262154
DR Congo,49.7647895355952,44.16650079553848,5.5982887400567165,60.6428371254562,56.00257532757412,4.640261797882076,58.9448295825468,55.3492819365628,3.5955476459840057,60.3081385554543,59.74132544560435,0.5668131098499458,66.6289949661754,64.54489708946453,2.084097876710871,0.38317984920136
Equatorial Guinea,46.0618126141244,32.76889950331528,13.292913110809117,59.2891627857456,54.51596111517788,4.7732016705677225,67.6314133302304,58.58074604497246,9.050667285257944,73.2847680345981,62.11386188275854,11.17090615183956,76.1547617030033,63.67138324925526,12.483378453748045,0.657857455522296
Gabon,51.0582521090713,36.08559575071855,14.97265635835275,69.6457129421574,64.31596596172626,5.329746980431139,71.7068614150941,61.03833573856295,10.668525676531146,73.1367533946436,64.67233262681722,8.464420767826383,75.4869414194759,67.31661928834012,8.170322131135777,0.634691392755259
Eastern sub-Saharan Africa,47.0229359997163,40.79863234920592,6.224303650510386,56.8359992052923,53.142866066006754,3.6931331392855498,58.9448295825468,53.26633586868482,5.678493713861982,63.2164859742509,61.65699180928793,1.5594941649629703,67.6314133302304,64.54478830882204,3.0866250214083664,0.409720982688906
Burundi,45.5722585745265,39.471064163968094,6.101194410558406,54.6466922582678,51.15316614107545,3.4935261171923457,55.3890195811381,48.123869025229645,7.2651505559084555,57.1921792285516,61.10950905471443,-3.9173298261628275,60.6428371254562,64.9308607376229,-4.288023612166697,0.289374364823265
Comoros,47.4945610870665,45.683877514631696,1.8106835724348045,59.9709048121413,59.63672318114477,0.3341816309965324,64.7105684116153,62.24515657829732,2.4654118333179795,67.8714481366511,66.71008988250766,1.1613582541434369,70.4417784149706,68.16927085544287,2.2725075595277247,0.475978688247514
Djibouti,51.4782736512409,60.36696281805306,-8.888689166812163,63.8258257921701,63.651621887168396,0.17420390500170413,65.8323566289892,62.58056827764143,3.25178835134777,68.3390499889094,64.73907585764451,3.5999741312648865,71.183347145972,66.98851659768086,4.1948305482911366,0.4879583707169
Eritrea,42.5080619837833,41.40428734048183,1.1037746433014703,55.3890195811381,52.26676941073881,3.1222501703992904,61.9547290274367,58.798458296279435,3.1562707311572638,64.4196664780328,62.77544969492142,1.644216783111375,67.3871711659686,64.80711775300834,2.580053412960254,0.403863942828898
Ethiopia,40.8944999313992,36.15926243726053,4.735237494138673,50.2015656534055,49.02875631193918,1.1728093414663192,52.301964893047,52.939368744768956,-0.637403851721956,58.5982922153341,64.8763271119766,-6.278034896642495,64.9973424672651,67.51467418180862,-2.5173317145435163,0.358823295416803
Kenya,47.4945610870665,48.379639918131694,-0.8850788310651936,63.5230484093694,63.46400249999854,0.05904590937085885,66.3677313058587,56.049109909098625,10.318621396760072,68.7903310395569,62.749149538490464,6.04118150106644,72.2051812457713,67.21143602703258,4.993745218738724,0.523768077100117
Madagascar,48.4201082870198,40.42078528482894,7.999323002190863,59.9709048121413,57.357806665538945,2.613098146602354,60.3081385554543,59.99924582058601,0.3088927348682873,62.2752308850152,62.78018238630843,-0.5049515012932346,67.1386999129439,63.89971517273447,3.238984740209439,0.40024694263784
Malawi,48.8741095559134,38.782595402879444,10.091514153033955,54.6466922582678,50.406874214554634,4.239818043713164,56.4778140347531,46.27166389856927,10.20615013618383,60.6428371254562,58.52787385014007,2.1149632753161285,66.1021838099935,62.067013524218,4.035170285775507,0.384553633730301
Mozambique,44.5750612742736,42.09895451559352,2.476106758680082,51.8928246089626,53.16126235877359,-1.2684377498109924,54.2686905696869,54.73759002828805,-0.46889945860114324,57.5465581966163,55.967661605629985,1.578896590986318,62.9062462784261,59.864904545349766,3.0413417330763366,0.326462613636377
Rwanda,47.9602725652194,32.05996857458655,15.90030399063285,59.6312176929137,51.84065554526644,7.7905621476472575,59.9709048121413,52.04003983795973,7.930864974181567,64.4196664780328,65.90908510692532,-1.4894186288925226,68.7903310395569,67.52348817048703,1.266842869069876,0.435588705789772
Somalia,41.4383418332311,44.98870465562114,-3.550362822390042,40.3447191670834,50.91397651864251,-10.56925735155911,40.8944999313992,53.186734915142395,-12.292234983743192,41.9762060147737,53.56811902219099,-11.59191300741729,43.0338871535271,56.92833091733804,-13.89444376381094,0.0776881089723748
South Sudan,48.4201082870198,50.29153750734922,-1.8714292203294178,54.6466922582678,54.77853567002061,-0.13184341175281133,56.4778140347531,57.34348700672641,-0.8656729719733107,59.2891627857456,60.06824467989139,-0.77908189414579,59.9709048121413,58.09481206904077,1.8760927431005285,0.278371125484101
Uganda,45.076680100171,41.501778844808925,3.5749012553620716,53.1042598292021,50.83824358066952,2.26601624853258,56.8359992052923,51.516567345017585,5.319431860274719,63.2164859742509,62.00453542285192,1.211950551398978,68.3390499889094,64.87933238713214,3.459717601777257,0.423261181495743
Tanzania,45.5722585745265,41.39138443583897,4.180874138687528,58.5982922153341,56.68257184662094,1.9157203687131599,60.6428371254562,54.2573842416807,6.3854528837755,64.7105684116153,62.24621842578791,2.46434998582739,69.4376046972604,65.87518029655172,3.5624244007086787,0.446568273334685
Zambia,48.8741095559134,46.14767180228959,2.726437753623813,61.6310629976022,52.450104953443166,9.180958044159034,62.5924477188592,46.03443621761528,16.558011501243918,66.8859799394774,59.14384705638225,7.742132883095145,71.7068614150941,61.379288465353405,10.327572949740691,0.505948954434909
Southern sub-Saharan Africa,60.9749540602082,52.531241360849904,8.443712699358294,71.5352857676637,67.40995105639202,4.125334711271677,73.2847680345981,56.341967778002996,16.942800256595106,74.4138015454996,57.83695186161963,16.576849683879963,75.6200752848877,62.955224245907395,12.66485103898031,0.642200282056091
Botswana,48.8741095559134,52.62503316775584,-3.7509236118424383,67.8714481366511,65.01892835701653,2.8525197796345623,71.875638711428,50.13048132927667,21.745157382151326,74.0001899335917,59.72425165665591,14.27593827693579,75.6200752848877,62.85612099868492,12.763954286202782,0.642721628921122
Eswatini,49.3223208460282,43.155199209421205,6.167121636606993,67.1386999129439,65.14945242067364,1.989247492270266,70.24806740807,50.3799326632969,19.8681347447731,72.2051812457713,49.718739704900166,22.486441540871134,74.0001899335917,56.07834651908356,17.92184341450814,0.58545971329224
Lesotho,50.6327016379749,52.88119961867566,-2.248497980700762,63.8258257921701,65.88200323026773,-2.0561774380976274,67.1386999129439,51.16745192190267,15.971247991041238,69.4376046972604,51.93898797448463,17.498616722775765,71.7068614150941,52.1257535402832,19.581107874810897,0.510393065681381
Namibia,55.3890195811381,53.38149704058264,2.0075225405554633,69.4376046972604,65.63836812322417,3.799236574036229,71.5352857676637,56.07808900253495,15.457196765128742,73.1367533946436,63.600224129457864,9.536529265185742,74.9536101128661,64.00476212255204,10.948847990314064,0.617564872149664
South Africa,62.9062462784261,52.40029432747125,10.505951950954852,72.6809164009106,68.43162426030305,4.249292140607551,74.27695938059,59.241431760985776,15.035527619604224,75.3538195667091,59.04266315841092,16.31115640829819,76.5611958711918,64.7710018355297,11.790194035662097,0.679626598156588
Zimbabwe,52.7057557978914,54.76601457253987,-2.0602587746484744,67.1386999129439,63.83572320917081,3.3029767037730977,69.2257150765922,47.77784733474473,21.447867741847467,67.8714481366511,53.45919859269357,14.412249543957529,70.4417784149706,57.98240870385767,12.459369711112927,0.473819486202707
Western sub-Saharan Africa,49.3223208460282,44.43750980080387,4.884811045224325,59.6312176929137,55.73768038939085,3.893537303522848,61.9547290274367,55.797986176036915,6.156742851399784,65.5582617555982,60.934654485053436,4.62360727054476,69.2257150765922,64.49187102559377,4.733844050998428,0.446022978508802
Benin,46.0618126141244,41.47498094091198,4.586831673212416,55.7546351554446,57.81643242703113,-2.061797271586528,58.2496683250082,59.85696787945086,-1.6072995544426618,61.6310629976022,63.90078172252938,-2.2697187249271806,65.8323566289892,65.91384309677979,-0.0814864677905831,0.373486574239249
Burkina Faso,40.8944999313992,38.1251195382986,2.7693803931006045,48.4201082870198,52.388472182954956,-3.9683638959351555,51.8928246089626,53.80051071380233,-1.9076861048397333,55.7546351554446,59.845315388614424,-4.09068023316982,60.3081385554543,63.01718851585751,-2.709049960403213,0.285118401552141
Cabo Verde,48.8741095559134,50.250592394821624,-1.376482838908224,59.6312176929137,72.38174374640715,-12.750526053493452,64.9973424672651,73.94991906700976,-8.95257659974466,69.6457129421574,77.57521685463473,-7.92950391247733,72.5246834933001,77.7555864007566,-5.230902907456496,0.53353453903661
Cameroon,48.8741095559134,44.15658198947454,4.717527566438861,61.3044054175932,59.770495187749,1.5339102298442029,64.4196664780328,55.79086860690831,8.628797871124483,66.8859799394774,59.31161362823954,7.574366311237853,70.6320829088109,63.57160714827443,7.06047576053647,0.479691223419746
Chad,40.8944999313992,43.373011236113975,-2.4785113047147718,47.0229359997163,54.519512344519,-7.496576344802698,49.3223208460282,53.76684174076844,-4.4445208947402435,53.1042598292021,57.96726795802688,-4.863008128824781,56.8359992052923,60.49869120697634,-3.662692001684036,0.240436018662427
CÃ´te d'Ivoire,47.0229359997163,47.45595085976327,-0.433014860046967,59.9709048121413,58.436936981407165,1.5339678307341345,63.5230484093694,53.67410948051611,9.848938928853293,64.9973424672651,59.3978688049672,5.599473662297896,68.3390499889094,65.83372579858094,2.5053241903284516,0.425941883067361
The Gambia,47.4945610870665,54.76753134342329,-7.272970256356793,57.1921792285516,61.91565211264324,-4.723472884091635,60.9749540602082,62.73997120971244,-1.7650171495042386,64.4196664780328,64.77280164267444,-0.3531351646416425,67.6314133302304,65.86090915848743,1.7705041717429708,0.40971415951073
Ghana,57.1921792285516,48.706792147028956,8.485387081522646,65.5582617555982,60.54542677979141,5.012834975806783,68.3390499889094,60.71484719033889,7.624202798570508,70.4417784149706,63.93613485211514,6.505643562855461,73.2847680345981,67.44898246681032,5.835785567787781,0.564930389658009
Guinea,41.4383418332311,41.48333652537156,-0.044994692140463144,52.7057557978914,51.85162021533304,0.8541355825583565,55.3890195811381,54.83770326072874,0.551316320409363,58.5982922153341,59.1176670691943,-0.5193748538601994,63.8258257921701,62.200594888945695,1.6252309032244057,0.33640129335069
Guinea-Bissau,41.9762060147737,32.10868163641867,9.867524378355029,54.6466922582678,52.1656112932815,2.4810809649862975,57.899057638423,54.173805766366634,3.7252518720563685,60.6428371254562,58.80301468953301,1.839822435923189,64.7105684116153,61.263749581836805,3.4468188297784934,0.353109621364536
Liberia,48.8741095559134,34.84687247456712,14.027237081346279,56.8359992052923,50.67248002212309,6.163519183169214,56.4778140347531,55.04573739879339,1.4320766359597101,59.9709048121413,61.20102723731917,-1.2301224251778677,64.7105684116153,64.12255312619953,0.5880152854157643,0.352442451643965
Mali,41.4383418332311,37.31562194588227,4.122719887348829,47.9602725652194,50.138780090931135,-2.178507525711737,51.0582521090713,53.14191457181136,-2.0836624627400653,54.6466922582678,58.960100012504874,-4.313407754237076,59.6312176929137,61.147045738306794,-1.5158280453930928,0.268579940925684
Mauritania,52.301964893047,49.53970870597882,2.762256187068182,63.5230484093694,60.54770384745449,2.975344561914909,66.3677313058587,64.17523135538555,2.192499950473149,68.1073131895351,68.31818790984971,-0.21087472031460663,71.183347145972,70.13272697861349,1.0506201673585025,0.498945100442996
Niger,40.3447191670834,42.18756908394287,-1.8428499168594712,44.0673916031811,48.05313708684141,-3.9857454836603097,46.0618126141244,52.25171992292453,-6.18990730880013,49.3223208460282,61.33675974589951,-12.014438899871315,53.4975405417883,63.53091072050956,-10.033370178721263,0.168072773803995
Nigeria,50.2015656534055,45.65815052891696,4.54341512448854,61.6310629976022,55.93063349763836,5.700429499963839,63.5230484093694,55.866018023998976,7.657030385370426,67.6314133302304,61.238366394285386,6.393046935945016,71.3608135890746,64.95959784099375,6.401215748080844,0.503390832763244
SÃ£o TomÃ© and PrÃ­ncipe,52.301964893047,35.00484294047744,17.29712195256956,61.9547290274367,64.65147776579211,-2.69674873835541,63.2164859742509,64.97383110693805,-1.7573451326871492,67.1386999129439,69.96628541746406,-2.827585504520158,71.5352857676637,72.22384164674705,-0.6885558790833528,0.505413746708186
Senegal,46.0618126141244,46.47662745120024,-0.4148148370758378,56.8359992052923,60.36786571648976,-3.5318665111974568,60.3081385554543,61.89565644634794,-1.5875178908936434,63.2164859742509,67.1201100680689,-3.903624093817996,67.6314133302304,68.2279919433946,-0.5965786131641977,0.408054192634391
Sierra Leone,47.0229359997163,40.34193501246095,6.681000987255352,55.0198920400019,53.0704957382397,1.9493963017621994,55.7546351554446,52.73912603923764,3.015509116206964,59.6312176929137,56.63809385231504,2.9931238405986633,64.9973424672651,62.148144513835355,2.8491979534297442,0.3586658807038
Togo,45.5722585745265,44.80008718599563,0.7721713885308716,59.2891627857456,59.41439693870565,-0.12523415296004714,61.6310629976022,58.3853131894627,3.2457498081395,63.5230484093694,61.42674269060448,2.096305718764924,67.6314133302304,66.03646850676839,1.594944823462015,0.408533695477986
