lancet_label,val.pop_22_2000,lower.pop_22_2000,upper.pop_22_2000,val.pop_22_2021,lower.pop_22_2021,upper.pop_22_2021,val.pop_39_2000,lower.pop_39_2000,upper.pop_39_2000,val.pop_39_2021,lower.pop_39_2021,upper.pop_39_2021,val.pop_200_2000,lower.pop_200_2000,upper.pop_200_2000,val.pop_200_2021,lower.pop_200_2021,upper.pop_200_2021,val.pop_154_2000,lower.pop_154_2000,upper.pop_154_2000,val.pop_154_2021,lower.pop_154_2021,upper.pop_154_2021,val.popROC,lower.popROC,upper.popROC,pop_ratio
Global,6098778,5976444.2,6222619.9,7891353.3,7666734,8131224.5,1834091.5,1797568.9,1871037.9,2011861.2,1953884.8,2071008.6,3841324.2,3761581.3,3924378.8,5109281.8,4960179.7,5268035,423362.3,415585.1,431695.2,770210.3,750166.9,792403.7,1.2,1.2,1.3,0.38
"Southeast Asia, east Asia, and Oceania",1855936.9,1761862.7,1948976.5,2185007.2,2074128.7,2292835.9,482518.9,459529.2,505320.4,445086.5,423815.1,465385.6,1254602.4,1189975.6,1318554.9,1485585.8,1410497.1,1559013.9,118815.6,112317.6,125054.8,254334.8,239526.7,269077.7,0.8,0.7,0.8,0.57
East Asia,1304755.1,1217992.8,1392708.9,1472774.9,1369752.2,1579504.4,305199.2,284909.4,325829,267352.1,248497.5,286885.4,907103.4,846747.6,968197.1,1002735.1,932779.2,1075233.7,92452.6,86335.8,98652.8,202687.7,188420.2,217420.7,0.6,0.6,0.6,0.76
China,1259085.8,1172263.3,1346853.8,1422746,1318759.2,1530462.3,293953.8,273643.1,314466.7,259631.6,240601,279324.3,876152.1,815750.1,937218.7,967106.7,896434.6,1040317.2,88979.9,82870.1,95168.4,196007.6,181714.5,210820.8,0.6,0.6,0.6,0.75
North Korea,23404.2,20852,25973.5,26392.3,22352.8,30270,6545.1,5831.4,7263.7,4773.7,4043.1,5475.1,15315.7,13645.5,16997.1,18946.6,16046.7,21730.4,1543.4,1375.1,1712.8,2671.9,2263,3064.5,0.6,0.3,0.7,0.56
Taiwan (province of China),22265.1,22122.3,22405.9,23636.7,21438.9,25875,4700.2,4670.1,4730,2946.7,2672.7,3225.8,15635.5,15535.3,15734.4,16681.8,15130.6,18261.4,1929.3,1916.9,1941.5,4008.2,3635.5,4387.8,0.3,-0.1,0.7,1.36
Southeast Asia,542836.3,512515.7,573171.7,698304.7,670177.5,727998.1,174014.9,164657.2,183621.1,172653.6,165805.3,179713.9,342714.1,323497.4,362007.1,474492.8,455505.5,495134.9,26107.4,24727.8,27525.4,51158.4,48971.8,53344,1.2,1.1,1.3,0.3
Cambodia,12533,11531.2,13601.5,17044.1,14539.3,19613.6,5196.1,4780.8,5639.1,5116.6,4364.6,5887.9,6906.8,6354.7,7495.6,10996.9,9380.8,12654.8,430.1,395.8,466.8,930.6,793.8,1070.9,1.5,1.1,1.8,0.18
Indonesia,211678.9,182890.1,240475.3,278914.2,256923,300109,66625.5,57564.3,75689.1,67288.4,61983,72401.6,135470.2,117046,153899.3,194150.4,178842.5,208904,9583.2,8279.8,10886.8,17475.4,16097.6,18803.4,1.3,1.1,1.6,0.26
Laos,5387.8,4852.2,5932.3,7377.6,6610.4,8098,2307.5,2078.1,2540.7,2296.4,2057.6,2520.6,2887.3,2600.3,3179.1,4754,4259.7,5218.3,193,173.8,212.5,327.2,293.2,359.1,1.5,1.5,1.5,0.14
Malaysia,23817.3,22249.3,25456,31812.2,27220.3,35985,7991,7465,8540.9,7613.6,6514.7,8612.3,14915.4,13933.4,15941.6,21856.7,18701.8,24723.6,910.9,850.9,973.5,2341.9,2003.9,2649.1,1.4,1,1.6,0.31
Maldives,279.6,260.5,299.1,517.2,455.9,570.8,113,105.3,120.9,100.2,88.3,110.5,156.3,145.6,167.1,394.9,348.1,435.9,10.3,9.6,11,22.1,19.5,24.4,2.9,2.7,3.1,0.22
Myanmar,45266.6,38334.3,52250.5,56419.7,50184.1,62791.2,14312.5,12120.6,16520.7,15614.8,13889,17378.1,28654.5,24266.2,33075.4,36996.6,32907.7,41174.6,2299.6,1947.5,2654.4,3808.3,3387.4,4238.4,1.1,0.9,1.3,0.24
Philippines,79452,73872.9,85076.3,113249.5,100303.8,125282.4,29972.3,27867.7,32094.1,33998.5,30112.1,37610.9,46536.9,43269.2,49831.3,73079.8,64726,80844.6,2942.7,2736,3151,6171.2,5465.7,6826.9,1.7,1.5,1.8,0.18
Sri Lanka,18710.6,16166.9,21214.7,22270.1,19443.7,25034.7,5085.7,4394.3,5766.3,5104,4456.2,5737.6,12520.2,10818.1,14195.8,14714.7,12847.2,16541.4,1104.7,954.5,1252.6,2451.3,2140.2,2755.6,0.8,0.8,0.9,0.48
Thailand,62519.2,58477.6,66849,66683.2,57543.3,75921.3,15159.2,14179.2,16209,9766.3,8427.7,11119.3,43440.2,40632,46448.7,47274.3,40794.6,53823.5,3919.8,3666.4,4191.3,9642.6,8321,10978.5,0.3,-0.1,0.6,0.99
Timor-Leste,903.7,821.3,983.6,1397.7,1248.6,1544,388.6,353.2,423,520.6,465.1,575.1,486.9,442.5,530,802.7,717.1,886.7,28.2,25.6,30.6,74.4,66.4,82.1,2.1,2,2.2,0.14
Viet Nam,80203.4,74523.2,86376.2,100267.9,92291.8,107845.2,26276.7,24415.7,28299.1,24762.6,22792.8,26634,49361.4,45865.5,53160.5,67836.8,62440.6,72963.3,4565.3,4242,4916.7,7668.4,7058.4,8247.9,1.1,1,1.1,0.31
Oceania,8345.5,7948.7,8715.9,13927.6,12507,15293.3,3304.9,3139.6,3454.9,5080.9,4543.3,5591.1,4785,4561.9,4995.3,8357.9,7517.2,9173.1,255.6,244.5,266.2,488.8,446.4,529.7,2.4,2.2,2.7,0.1
Fiji,815.9,739,892.3,924.5,838.9,1016.1,265.6,240.6,290.5,272.5,247.3,299.5,522.1,472.9,571,595.5,540.4,654.5,28.2,25.5,30.8,56.4,51.2,62,0.6,0.6,0.6,0.21
Kiribati,87.3,81,93.8,121.2,108.3,134.4,34.9,32.4,37.5,42,37.6,46.6,49.5,45.9,53.1,74.5,66.6,82.7,2.9,2.7,3.1,4.6,4.1,5.1,1.6,1.4,1.7,0.11
Marshall Islands,52.5,48.5,56.6,56.3,49.2,63.6,21.9,20.2,23.5,17.5,15.3,19.7,29.5,27.3,31.8,36.5,31.9,41.3,1.1,1,1.2,2.3,2,2.6,0.3,0.1,0.6,0.13
Federated States of Micronesia,109.5,101.9,116.6,102.6,89.5,116.4,44.4,41.3,47.3,30.6,26.7,34.7,61.3,57.1,65.4,67.2,58.6,76.2,3.8,3.5,4,4.8,4.2,5.5,-0.3,-0.6,-0,0.16
Papua New Guinea,5518.1,5144.5,5876.4,10461.6,9096.3,11786.5,2251.6,2099.2,2397.8,3917,3405.9,4413.1,3110.5,2899.9,3312.5,6230.3,5417.2,7019.3,155.9,145.4,166.1,314.2,273.2,354,3,2.7,3.3,0.08
Samoa,180.1,166.2,192.6,213.6,193,235.5,72.6,67,77.6,79.9,72.2,88.1,99.3,91.6,106.1,122.7,110.8,135.2,8.3,7.6,8.8,11,10,12.2,0.8,0.7,1,0.14
Solomon Islands,445.2,411.9,479.9,683.6,578.6,779.6,189.9,175.7,204.7,260,220.1,296.6,241.7,223.7,260.6,400.9,339.4,457.3,13.6,12.6,14.7,22.6,19.1,25.7,2,1.6,2.3,0.09
Tonga,102.8,93,112.6,106.3,96,116.6,40.5,36.6,44.3,39,35.2,42.8,56.8,51.4,62.2,60.6,54.7,66.5,5.5,5,6.1,6.7,6,7.3,0.2,0.1,0.2,0.17
Vanuatu,194.4,180.2,208.3,313,290.7,336.2,82.3,76.3,88.1,116.5,108.3,125.2,106.3,98.6,113.9,184.2,171.1,197.9,5.8,5.4,6.2,12.2,11.4,13.1,2.3,2.3,2.3,0.1
"Central Europe, eastern Europe, and central Asia",417396.2,403612.5,430772.7,417831.8,393251.5,441078.4,87319.8,84524,90025.1,80821,75889.8,85470.7,281696.1,272200.8,291031.5,275207.3,258916.1,290660.6,48380.3,46648.1,50025.2,61803.5,58138.1,65198.2,0,-0.1,0.1,0.76
Central Asia,74399.1,70634.1,78128.9,95808.8,85933.4,105622.6,24752.4,23461.1,26069.3,27675.8,24728.8,30552.6,45338.6,43134.2,47598.1,62112.5,55686.2,68554.6,4308.1,4116.3,4495.4,6020.6,5494.5,6548.3,1.2,0.9,1.4,0.22
Armenia,3318.2,3069,3552.3,2995.3,2604.7,3376.3,849.2,785.4,909.1,592.4,515.1,667.7,2171.6,2008.5,2324.8,2004.5,1743.1,2259.5,297.4,275,318.4,398.4,346.5,449.1,-0.5,-0.8,-0.2,0.67
Azerbaijan,8283.9,7703.6,8889.6,10500.2,9081.6,11992.9,2581.8,2400.9,2770.6,2360.6,2041.7,2696.2,5221.8,4856,5603.6,7440.5,6435.3,8498.3,480.3,446.6,515.4,699.1,604.6,798.5,1.1,0.8,1.4,0.3
Georgia,4729.9,4340.8,5116.9,3607.3,3199.6,4005.2,1032.4,947.5,1116.9,735.9,652.8,817.1,3085.5,2831.6,3337.9,2299.3,2039.5,2553,612,561.6,662.1,572,507.4,635.1,-1.3,-1.4,-1.2,0.78
Kazakhstan,14971.2,13856.5,16125.6,18955.5,17030.1,20835.3,4175.3,3864.4,4497.2,5426.5,4875.3,5964.6,9786.5,9057.9,10541.1,12126.5,10894.8,13329.1,1009.4,934.3,1087.2,1402.5,1260.1,1541.6,1.1,1,1.2,0.26
Kyrgyzstan,5013.9,4654.7,5379,6863.1,5856.7,7899.5,1769.1,1642.4,1898,2274.4,1940.9,2617.9,2966.1,2753.6,3182.1,4248.9,3625.8,4890.5,278.6,258.6,298.9,339.8,290,391.2,1.5,1.1,1.8,0.15
Mongolia,2444.6,2273.8,2611.8,3336.3,3084.5,3580.1,878.7,817.2,938.8,1086.6,1004.6,1166,1482.4,1378.7,1583.7,2105.2,1946.3,2259,83.6,77.8,89.3,144.5,133.6,155.1,1.5,1.4,1.5,0.13
Tajikistan,6363.6,5950.8,6796,10159.9,8805,11593.1,2714.3,2538.2,2898.7,3584.4,3106.4,4090,3405.2,3184.3,3636.6,6207.9,5380,7083.6,244.1,228.3,260.7,367.7,318.6,419.5,2.2,1.9,2.5,0.1
Turkmenistan,4261.3,3711,4831.7,5158.4,4621.6,5701.7,1602.3,1395.3,1816.7,1524,1365.4,1684.5,2480,2159.7,2811.9,3350.4,3001.7,3703.3,179.1,156,203,284,254.5,313.9,0.9,0.8,1,0.19
Uzbekistan,25012.5,21533.4,28655,34232.9,24498.1,43631.4,9149.4,7876.7,10481.8,10091.1,7221.5,12861.5,14739.5,12689.3,16886,22329.4,15979.6,28459.8,1123.6,967.3,1287.3,1812.4,1297,2310,1.5,0.6,2,0.18
Central Europe,122456.4,118414.5,126469.2,115263.8,109996.3,120347.1,22963,22175.1,23719.1,17701.2,16889.2,18488.4,83495.8,80723.4,86233,75237.6,71810.8,78535.1,15997.6,15480.4,16509.6,22325,21308.6,23307,-0.3,-0.4,-0.2,1.26
Albania,3193,2969.4,3432.9,2667.9,2315.7,3020.5,962.1,894.7,1034.4,443.7,385.1,502.3,2006.3,1865.7,2157,1808.4,1569.7,2047.4,224.6,208.9,241.5,415.8,360.9,470.8,-0.9,-1.2,-0.6,0.94
Bosnia and Herzegovina,3976.4,3488.9,4494.3,3302.9,2900.6,3694.1,806.2,707.4,911.2,490.4,430.7,548.5,2703.9,2372.4,3056,2206.9,1938.1,2468.3,466.3,409.1,527,605.5,531.8,677.3,-0.9,-0.9,-0.8,1.23
Bulgaria,7943.8,7402,8575.6,6786.9,6074.9,7429.4,1230.2,1146.3,1328,976.1,873.7,1068.5,5394.1,5026.2,5823.2,4337.5,3882.5,4748.1,1319.5,1229.5,1424.4,1473.4,1318.8,1612.8,-0.8,-0.9,-0.7,1.51
Croatia,4574,4248.3,4902.3,4208.6,3675.8,4748.1,794.3,737.7,851.3,597.1,521.5,673.7,3084.2,2864.5,3305.5,2715.5,2371.7,3063.5,695.5,646,745.5,896,782.6,1010.9,-0.4,-0.7,-0.2,1.5
Czechia,10228.6,10155.2,10304,10632.4,9668.2,11611.2,1669.5,1657.5,1681.8,1716.3,1560.7,1874.4,7143.3,7092.1,7196,6708.2,6099.8,7325.8,1415.8,1405.6,1426.2,2207.9,2007.6,2411.1,0.2,-0.2,0.6,1.29
Hungary,10203.2,9440.3,10958.4,9597.3,8426.1,10869.1,1723.2,1594.3,1850.7,1388.5,1219.1,1572.5,6952.9,6433.1,7467.6,6199.1,5442.7,7020.6,1527.1,1412.9,1640.1,2009.7,1764.4,2276,-0.3,-0.5,-0,1.45
North Macedonia,2058.2,1897.5,2226.1,2176.4,1797.2,2588,459.5,423.6,497,327.6,270.5,389.5,1394.9,1286,1508.7,1541.2,1272.7,1832.6,203.8,187.9,220.4,307.7,254,365.8,0.2,-0.3,0.7,0.94
Montenegro,636.8,580.3,695.4,618.1,540.3,701.1,141.7,129.1,154.7,111.4,97.4,126.4,425,387.3,464.1,412.9,360.9,468.4,70.1,63.9,76.6,93.7,81.9,106.3,-0.1,-0.3,0,0.84
Poland,38323,35161.4,41335.1,38238.5,34552.4,41891.1,7368.8,6760.9,7948,5885.7,5318.4,6447.9,26233.2,24069,28295.1,25179.8,22752.6,27585,4721,4331.5,5092,7172.9,6481.5,7858.1,-0,-0.1,0.1,1.22
Romania,22417.3,20597,24302.3,18938.6,16520.2,21513.2,4216.9,3874.4,4571.4,3010,2625.6,3419.2,15237,13999.8,16518.3,12142.5,10592,13793.3,2963.4,2722.7,3212.6,3786,3302.5,4300.7,-0.8,-1.1,-0.6,1.26
Serbia,9668.9,8884.4,10473.8,8919.5,7752.1,10032.9,1874.9,1722.8,2031,1327.8,1154,1493.6,6549,6017.5,7094.1,5934.1,5157.5,6674.9,1245.1,1144,1348.7,1657.6,1440.6,1864.5,-0.4,-0.6,-0.2,1.25
Slovakia,5389.7,5356.6,5423.2,5429.5,4895.8,5959.6,1048,1041.5,1054.5,856.6,772.4,940.2,3717.9,3695,3741,3636,3278.6,3991,623.8,620,627.7,936.9,844.8,1028.4,0,-0.4,0.4,1.09
Slovenia,1993,1978.9,2007.3,2069.7,1886.2,2250.8,320.8,318.5,323,312.3,284.6,339.6,1392.4,1382.5,1402.3,1320.4,1203.4,1436,279.9,277.9,281.9,437,398.2,475.2,0.2,-0.2,0.5,1.4
Eastern Europe,220540.6,207622.7,233586.9,206759.2,184806.4,227889.9,39604.4,37296.4,41930.3,35444,31586,39181.6,152861.7,143878.7,161936.3,137857.2,123221.4,151896,28074.5,26447,29720.2,33458,29923.2,36797.6,-0.3,-0.6,-0.1,0.94
Belarus,10215.1,9457.3,10977.6,9324.7,8020.7,10621.6,1929.7,1786.6,2073.7,1578.2,1357.5,1797.7,6923.2,6409.5,7439.9,6254.5,5379.9,7124.4,1362.2,1261.2,1463.9,1492,1283.3,1699.5,-0.4,-0.8,-0.2,0.95
Estonia,1393.8,1385.2,1403,1310.8,1188.3,1432.7,250.8,249.3,252.5,216.1,195.9,236.2,935.5,929.7,941.7,825.2,748,901.9,207.5,206.2,208.9,269.5,244.3,294.6,-0.3,-0.7,0.1,1.25
Latvia,2384,2206.7,2542.2,1870.3,1698.1,2049.4,430.7,398.7,459.3,297.1,269.7,325.5,1598.3,1479.4,1704.4,1180.8,1072.1,1293.9,355,328.6,378.6,392.4,356.3,430,-1.2,-1.3,-1,1.32
Lithuania,3520.2,3261,3775.5,2728.3,2476.1,3006.1,705,653.1,756.1,407.8,370.1,449.3,2332.3,2160.6,2501.5,1763.5,1600.5,1943.1,482.8,447.3,517.8,557,505.5,613.7,-1.2,-1.3,-1.1,1.37
Moldova,4196.7,3805.6,4598.8,3593.4,2972.8,4191.6,921.5,835.6,1009.8,522.3,432.1,609.3,2847.1,2581.8,3119.9,2516.4,2081.7,2935.2,428.1,388.2,469.1,554.8,458.9,647.1,-0.8,-1.2,-0.4,1.06
Russia,149212.4,137386.9,161288.4,144853.8,124993.3,163580.6,26726,24607.9,28889,26077.4,22502,29448.7,104098.4,95848.3,112523.2,96028.8,82862.5,108443.4,18388,16930.7,19876.2,22747.7,19628.8,25688.5,-0.1,-0.5,0.1,0.87
Ukraine,49618.5,45979.5,53230.8,43077.8,34633,51395.4,8640.6,8007,9269.7,6345.2,5101.3,7570.4,34126.9,31624.1,36611.4,29288,23546.5,34943,6850.9,6348.5,7349.7,7444.6,5985.2,8882.1,-0.7,-1.3,-0.2,1.17
High income,968024.9,944219.1,990223.7,1091666,1061851.3,1120812.2,184618.7,179697.7,189344.1,176389.5,171232.9,181421.2,646749.6,631049.7,661492.7,701700.4,682331,720361.9,136656.7,133572.9,139650.8,213576.1,207669.8,219418.7,0.6,0.5,0.6,1.21
High-income Asia Pacific,180136,170897.6,189540.6,185446.4,175178.2,196125,29655.2,28214.3,31141.9,22425.5,21188.3,23718.4,124613.5,118300.9,131012.6,116882.8,110734.5,123449.9,25867.3,24337.3,27356.2,46138,43267.9,48981.8,0.1,0.1,0.2,2.06
Brunei,332.8,306.2,357.7,451.1,393.8,509.7,105.1,96.7,113,94.6,82.6,106.9,218.3,200.8,234.6,332,289.8,375.1,9.3,8.6,10,24.5,21.4,27.7,1.4,1.2,1.7,0.26
Japan,128988.4,120100.7,137740.7,127697.5,117991.6,137075,18939.5,17634.5,20224.6,15444.4,14270.5,16578.5,87834.4,81782.3,93794.2,75404.2,69673,80941.5,22214.6,20683.9,23721.9,36848.9,34048.2,39555,-0,-0.1,-0,2.39
South Korea,46786.1,43464.8,49892.7,51570.5,47776.7,55126.7,9856.4,9156.7,10510.9,6074.5,5627.6,6493.4,33542.5,31161.4,35769.7,36999.7,34277.9,39551.2,3387.1,3146.7,3612,8496.2,7871.2,9082.1,0.5,0.4,0.5,1.4
Singapore,4028.7,3744.7,4300.9,5727.3,5261.6,6195.8,754.2,701,805.1,812.1,746.1,878.5,3018.3,2805.5,3222.3,4146.9,3809.7,4486.1,256.2,238.2,273.5,768.3,705.8,831.2,1.7,1.6,1.7,0.95
Australasia,22749.1,21310.7,24143.7,30961.5,29168.6,32748.2,4874,4572.2,5168.5,5731.1,5398.5,6063,15093.4,14136,16022,20034.1,18871.4,21191.7,2781.7,2604.1,2954.2,5196.2,4893.9,5497.2,1.5,1.4,1.5,0.91
Australia,18885.3,17446.7,20296.2,25791.9,24001,27547.9,3995.9,3691.5,4294.4,4749.4,4419.6,5072.8,12562.2,11605.3,13500.7,16656,15499.5,17790,2327.2,2149.9,2501.1,4386.5,4081.9,4685.1,1.5,1.5,1.5,0.92
New Zealand,3863.7,3576.5,4151.8,5169.5,4717.4,5607.4,878.1,812.8,943.5,981.7,895.9,1064.9,2531.2,2343,2719.9,3378,3082.6,3664.2,454.5,420.7,488.4,809.8,739,878.4,1.4,1.3,1.4,0.82
Western Europe,398473.4,390838,405423.5,437389.3,422281.1,450956.7,68018,66665.6,69253.9,68118.3,65859,70200.9,265889.3,260823.7,270477,279291.5,269572.5,287993.1,64566.1,63293.3,65720.3,89979.4,86747.7,92902.8,0.4,0.3,0.5,1.32
Andorra,65.6,65.2,66.1,85.6,77.6,94.3,10.1,10,10.2,10.2,9.2,11.2,47.5,47.2,47.8,61.7,56,68,8.1,8,8.1,13.7,12.4,15.1,1.3,0.8,1.7,1.34
Austria,8017.9,7447.8,8595.5,8982.3,8089.5,9783.2,1360.6,1263.9,1458.6,1297,1168.1,1412.7,5414.4,5029.4,5804.4,5970.4,5377,6502.7,1242.9,1154.5,1332.5,1714.9,1544.4,1867.8,0.5,0.4,0.6,1.32
Belgium,10256.8,9507.5,11033,11469.3,10320.4,12561.5,1805.5,1673.7,1942.2,1912.1,1720.6,2094.2,6725.1,6233.9,7234.1,7314.3,6581.6,8010.8,1726.1,1600,1856.7,2242.9,2018.2,2456.5,0.5,0.4,0.6,1.17
Cyprus,918.4,851,983.4,1357.8,1173.2,1539.5,203.7,188.7,218.1,218.7,189,248,620.5,575,664.5,940.8,812.9,1066.7,94.2,87.3,100.9,198.3,171.3,224.8,1.9,1.5,2.1,0.91
Denmark,5334.9,5292.3,5378.4,5851.8,5304.9,6409.2,981.6,973.8,989.6,954.2,865,1045.1,3557.8,3529.4,3586.8,3719,3371.4,4073.3,795.5,789.2,802,1178.6,1068.4,1290.9,0.4,0,0.8,1.24
Finland,5189,5152.4,5226.7,5535.9,4950.3,6058.5,935.7,929.1,942.5,847.1,757.5,927.1,3468.9,3444.4,3494,3397.9,3038.5,3718.7,784.4,778.9,790.1,1290.9,1154.3,1412.8,0.3,-0.2,0.7,1.52
France,59907.8,55483.3,64350,66389.9,59549.2,73473.2,11386.8,10545.9,12231.2,11607.6,10411.6,12846.1,39084.7,36198.1,41982.9,41021.8,36795,45398.5,9436.2,8739.3,10135.9,13760.5,12342.6,15228.6,0.5,0.3,0.6,1.19
Germany,82314.6,81624.1,83040.1,85371.8,76247.5,93978.8,12789.9,12682.6,12902.6,11964.6,10685.9,13170.9,55831,55362.6,56323.1,54851.8,48989.4,60381.8,13693.7,13578.8,13814.4,18555.4,16572.3,20426.2,0.2,-0.3,0.6,1.55
Greece,11089.3,10270.5,11918.4,10174.9,8728.5,11509,1723.3,1596,1852.1,1394.8,1196.5,1577.6,7561.9,7003.5,8127.3,6469.3,5549.7,7317.6,1804.1,1670.9,1939,2310.8,1982.3,2613.8,-0.4,-0.8,-0.2,1.66
Iceland,279.3,277.1,281.7,350.4,317.8,384,65,64.5,65.6,67.5,61.3,74,181.8,180.3,183.3,227.6,206.5,249.5,32.5,32.3,32.8,55.2,50.1,60.5,1.1,0.7,1.5,0.82
Ireland,3867.1,3559.3,4168.9,4941.4,4419.9,5452.1,848.9,781.3,915.1,997.2,892,1100.3,2590.9,2384.7,2793.1,3192.8,2855.8,3522.7,427.3,393.3,460.7,751.4,672.1,829.1,1.2,1.1,1.3,0.75
Israel,6390,5761.6,7073.6,9593.9,8199.8,11048,1839.1,1658.2,2035.8,2627.7,2245.9,3026,3937.1,3549.9,4358.2,5769.3,4930.9,6643.6,613.9,553.5,679.6,1196.9,1023,1378.3,1.9,1.7,2.1,0.46
Italy,56658.8,52416.8,60668.2,59811.5,54355.5,65104.9,8102.3,7495.7,8675.7,7599.9,6906.6,8272.5,38183.9,35325.1,40886,38186.7,34703.3,41566.3,10372.5,9596,11106.5,14024.9,12745.5,15266.1,0.3,0.2,0.3,1.85
Luxembourg,433.6,401.3,466.2,644.3,588.9,702.8,81.9,75.8,88.1,101.2,92.5,110.4,291.4,269.7,313.3,447,408.7,487.7,60.3,55.8,64.8,96,87.8,104.7,1.9,1.8,1.9,0.95
Malta,402,362.9,442.4,442.2,384.5,500.1,80.1,72.3,88.2,64,55.7,72.4,272,245.5,299.3,278.1,241.8,314.6,50,45.1,55,100.1,87,113.2,0.4,0.3,0.6,1.56
Netherlands,15889.1,15759.8,16020.5,17210.7,15589.2,18893.1,2952.2,2928.2,2976.6,2682,2429.3,2944.2,10775.9,10688.2,10865,11069.9,10027,12152.1,2161,2143.4,2178.9,3458.7,3132.9,3796.8,0.4,-0.1,0.8,1.29
Norway,4479.7,4443.5,4517.5,5418.1,4934.4,5962.8,893.2,886,900.7,923.8,841.3,1016.7,2897.4,2874,2921.8,3522.5,3208,3876.6,689.1,683.6,694.9,971.8,885,1069.5,0.9,0.5,1.3,1.05
Portugal,10538.8,9783.6,11300.4,10607.8,9229.9,12049.1,1717.5,1594.4,1841.6,1362.3,1185.3,1547.3,7157,6644.1,7674.2,6825.5,5938.9,7752.8,1664.4,1545.1,1784.6,2420.1,2105.7,2748.9,0,-0.3,0.3,1.78
Spain,40809.4,40549.2,41051.4,45549.3,40964.6,49913.2,6072.5,6033.8,6108.5,6480.8,5828.5,7101.7,27875.6,27697.9,28040.9,29873.7,26866.7,32735.7,6861.2,6817.5,6901.9,9194.9,8269.4,10075.8,0.5,0,0.9,1.42
Sweden,8902.4,8829.6,8976,10373.5,9389.2,11397.2,1633.3,1619.9,1646.8,1820.7,1648,2000.4,5726.6,5679.7,5773.9,6417.1,5808.2,7050.3,1542.6,1529.9,1555.3,2135.7,1933,2346.4,0.7,0.3,1.1,1.17
Switzerland,7300.3,6820.2,7764,8922.8,8053.9,9863.3,1246.4,1164.4,1325.6,1332.5,1202.7,1472.9,4925.5,4601.6,5238.4,5885.2,5312.1,6505.5,1128.3,1054.1,1200,1705.1,1539.1,1884.8,1,0.8,1.1,1.28
UK,59037.8,55364,62630.1,67848.4,63908.5,71608.2,11223.4,10523,11904.9,11783,11093.8,12441.7,38502.7,36106.2,40847.2,43558.6,41032.2,45975.3,9311.7,8734.7,9877,12506.7,11787.5,13191.2,0.7,0.6,0.7,1.06
Southern Latin America,55240.7,52388.8,58208.5,67694.4,61443.5,74178.5,15390.6,14585.4,16233.3,14495.5,13100.5,15936.4,34673.5,32881.2,36533.5,45089.4,40945,49391.3,5176.6,4907.8,5457.9,8109.5,7373.9,8869.7,1,0.7,1.2,0.56
Argentina,36797.4,34189.8,39646,45487.2,39214.8,51849.6,10476.8,9734.4,11287.8,10183.4,8779.1,11607.7,22729.1,21118.5,24488.6,30052.2,25908.2,34255.7,3591.5,3337,3869.5,5251.6,4527.5,5986.2,1,0.7,1.3,0.52
Chile,15142.7,13877.7,16347.7,18797.8,17095.7,20570.3,4094.5,3752.4,4420.3,3651.8,3321.2,3996.2,9890.2,9064,10677.2,12820,11659.1,14028.8,1158,1061.3,1250.2,2326.1,2115.4,2545.4,1,1,1.1,0.64
Uruguay,3297.5,2988.8,3604.8,3405.6,2986.7,3863.6,818.5,741.9,894.8,659.5,578.4,748.2,2052.2,1860.1,2243.5,2214.7,1942.3,2512.6,426.8,386.8,466.6,531.4,466,602.8,0.1,-0,0.3,0.81
High-income North America,311425.8,291743.6,330681.7,370174.5,346061.4,393849.8,66680.9,62418.2,70819.8,65618.9,61305.6,69846.3,206479.9,193469.2,219241.5,240402.7,224737,255778.8,38265,35855.8,40630,64152.9,60019.6,68212.5,0.8,0.8,0.8,0.98
Canada,30302.2,28134.9,32399.8,37469.2,35050.8,40168.3,5916.2,5493.1,6325.8,6171.8,5773.5,6616.4,20551.3,19081.4,21973.9,24262.3,22696.4,26010.1,3834.7,3560.4,4100.1,7035.1,6581,7541.8,1,1,1,1.14
USA,281061.2,261389.5,300553.5,332643.4,308380.9,356795.8,60748.1,56496.3,64961.1,59434.3,55099.3,63749.7,185886.4,172876.1,198778.1,216097.5,200335.6,231787.8,34426.7,32017.2,36814.3,57111.6,52946,61258.3,0.8,0.8,0.8,0.96
Latin America and Caribbean,465265.4,450113.3,479851,594118.8,559806.3,626195.1,152473.2,147778.6,157136.1,143277.9,135557.6,150449.3,287710.2,278034.3,296841.1,397598.4,374152.8,419629.6,25082.1,24216.2,25891.3,53242.5,49846,56429.6,1.2,1,1.3,0.37
Caribbean,40145.4,38746.8,41601.6,47458.7,44304,50863.1,12082.5,11640.5,12532.1,11505.1,10580.1,12524.6,25194.9,24317.3,26110.4,31198.9,29172.8,33461.8,2868,2762,2974.5,4754.8,4467.5,5054.1,0.8,0.6,1,0.41
Antigua and Barbuda,76.4,70.3,82.2,89.4,78.4,100.4,21.6,19.9,23.2,16.9,14.8,19,49.7,45.7,53.4,63.6,55.7,71.4,5.1,4.7,5.5,8.9,7.8,10,0.7,0.5,1,0.53
The Bahamas,303.1,283,324.7,388,333.9,443.8,85.4,79.7,91.4,81.2,69.9,92.9,201.8,188.4,216.1,274.9,236.6,314.5,16,14.9,17.1,31.8,27.4,36.4,1.2,0.8,1.5,0.39
Barbados,257,240.1,273.1,299,259.9,342.3,56.7,53,60.3,47.1,40.9,53.9,169.6,158.5,180.3,202.8,176.3,232.1,30.6,28.6,32.5,49.2,42.7,56.3,0.7,0.4,1.1,1.04
Belize,239.6,222.8,256,429.1,368.8,488.9,93.7,87.1,100.1,123.1,105.8,140.3,135.7,126.2,145,283.5,243.7,323,10.2,9.5,10.9,22.5,19.3,25.6,2.8,2.4,3.1,0.18
Cuba,11403.1,10500.5,12284.3,11269.5,9907.1,12688.1,2443,2249.7,2631.8,1777,1562.2,2000.7,7842.3,7221.5,8448.3,7721.6,6788.1,8693.6,1117.8,1029.3,1204.1,1770.9,1556.8,1993.8,-0.1,-0.3,0.2,1
Dominica,68.6,63.5,73.6,67.1,58.4,76.2,21,19.5,22.6,13.7,11.9,15.6,41.9,38.8,44.9,46.1,40.2,52.4,5.7,5.3,6.1,7.3,6.3,8.3,-0.1,-0.4,0.2,0.53
Dominican Republic,8597.5,7896.3,9249.8,11012.9,9394.5,12573.1,2991.9,2747.9,3218.8,2938.4,2506.6,3354.7,5154.2,4733.9,5545.3,7231.3,6168.7,8255.8,451.4,414.6,485.6,843.2,719.3,962.6,1.2,0.8,1.5,0.29
Grenada,103.9,95.9,112,102.6,88.9,115.6,31.9,29.4,34.4,21.8,18.9,24.6,66.1,61,71.2,71.5,61.9,80.5,5.9,5.5,6.4,9.3,8.1,10.5,-0.1,-0.4,0.2,0.43
Guyana,778.9,718.7,841.9,764.7,669.5,859.1,283.7,261.8,306.7,213.4,186.8,239.7,463.4,427.6,500.9,501.4,439,563.2,31.8,29.3,34.3,50,43.7,56.1,-0.1,-0.3,0.1,0.23
Haiti,8190,7469.2,8871.2,12864,10695.6,15179.1,3264.8,2977.5,3536.4,4352.8,3619.1,5136.1,4611.6,4205.8,4995.2,8005.2,6655.8,9445.9,313.5,285.9,339.6,506,420.7,597.1,2.1,1.7,2.6,0.12
Jamaica,2631.4,2447.3,2836.5,2799.9,2448.1,3165,839.5,780.7,904.9,583.9,510.6,660.1,1592.3,1480.8,1716.4,1946.6,1702,2200.4,199.7,185.7,215.2,269.4,235.6,304.5,0.3,0,0.5,0.46
Saint Lucia,155.1,143.7,166.5,177.5,152.1,201.6,49.1,45.4,52.7,29.7,25.4,33.7,95.7,88.6,102.7,127.3,109,144.5,10.3,9.6,11.1,20.6,17.6,23.4,0.6,0.3,0.9,0.69
Saint Vincent and the Grenadines,109.8,102,117.9,114.1,100.1,129,34.8,32.3,37.3,25,21.9,28.2,67.5,62.7,72.5,76.6,67.1,86.6,7.5,7,8.1,12.6,11,14.2,0.2,-0.1,0.4,0.5
Suriname,449.1,418.3,479.3,579.2,509.7,654.2,135.4,126.1,144.5,143.3,126.1,161.8,286.8,267.1,306.1,384.2,338.1,433.9,26.9,25,28.7,51.8,45.6,58.5,1.2,0.9,1.5,0.36
Trinidad and Tobago,1292.2,1204.4,1379.4,1393.1,1206.6,1568,331.2,308.7,353.5,272.4,236,306.6,871.4,812.2,930.3,942.6,816.4,1060.8,89.6,83.5,95.6,178.2,154.3,200.5,0.4,0,0.6,0.65
Andean Latin America,46289.1,43401.6,49181.6,66133.3,61436,70269.8,16467.8,15465.2,17476.1,18094.8,16825.8,19214.6,27434.5,25712.8,29167.5,43020.7,39970.2,45709.7,2386.8,2236.1,2540.5,5017.8,4657.5,5339.8,1.7,1.6,1.8,0.28
Bolivia,8288.9,7669.9,8906.2,11797.1,10327.1,13298,3230.7,2989.5,3471.3,3486.5,3052.1,3930.1,4685.1,4335.1,5033.9,7560.8,6618.6,8522.7,373.1,345.3,400.9,749.9,656.4,845.3,1.7,1.4,1.9,0.22
Ecuador,12542.2,11597.4,13510.3,18065.4,15504.9,20500.2,4549.5,4206.8,4900.7,5070.9,4352.2,5754.3,7364.6,6809.8,7933,11574.5,9934,13134.5,628.1,580.8,676.6,1420,1218.7,1611.4,1.7,1.4,2,0.28
Peru,25458,22915.8,28196.6,36270.8,32891.4,39697.1,8687.6,7820,9622.1,9537.4,8648.8,10438.4,15384.9,13848.5,17039.8,23885.4,21660,26141.8,1385.6,1247.2,1534.7,2847.9,2582.6,3117,1.7,1.6,1.7,0.3
Central Latin America,199003.5,191387.7,207839.1,253001.9,242163.4,264759.5,69987.8,67392.1,72992.2,63485,60803.4,66387.4,119487.1,114845.4,124860.2,168292.9,161002.1,176203.4,9528.6,9153.2,9954.6,21224,20301.3,22242.2,1.1,1.1,1.2,0.33
Colombia,39733,35666.1,43745.6,49060.4,44536.6,53498,13143.2,11797.9,14470.5,10613,9634.4,11573,24457.8,21954.4,26927.7,33609.6,30510.5,36649.6,2132,1913.8,2347.4,4837.8,4391.7,5275.4,1,1,1.1,0.46
Costa Rica,3903.7,3636.8,4159.5,4747.9,4175,5342.8,1254,1168.2,1336.1,1017.3,894.5,1144.8,2435.3,2268.8,2594.9,3249.8,2857.7,3657,214.4,199.8,228.5,480.8,422.8,541,0.9,0.7,1.2,0.47
El Salvador,5862.1,5240.4,6548.7,6450.2,5430.4,7375,2244.4,2006.4,2507.3,1818.8,1531.2,2079.6,3281.5,2933.5,3665.9,4074.4,3430.2,4658.6,336.2,300.6,375.6,557,468.9,636.9,0.4,0.2,0.6,0.31
Guatemala,11077.4,10238.3,11975,15767.4,14359.9,17143.3,5012.4,4632.7,5418.6,4934,4493.6,5364.6,5676.5,5246.5,6136.5,9913.4,9028.5,10778.5,388.5,359.1,420,919.9,837.8,1000.2,1.7,1.6,1.7,0.19
Honduras,6166.6,5715.6,6660.8,10110.2,8912.4,11286.3,2632.7,2440.2,2843.7,3277.2,2888.9,3658.4,3307.4,3065.5,3572.5,6325.1,5575.8,7061,226.4,209.8,244.5,507.9,447.7,566.9,2.3,2.1,2.5,0.15
Mexico,101154.1,94416.1,108312.4,129276,119311.5,139133.2,34945.8,32618,37418.7,32066.9,29595.2,34512,61434.5,57342.2,65782,86646.8,79968.1,93253.5,4773.9,4455.9,5111.7,10562.3,9748.2,11367.7,1.2,1.1,1.2,0.33
Nicaragua,4927.2,4460.1,5402.6,6669,5591.4,7774.8,2006.4,1816.2,2199.9,1980.4,1660.4,2308.8,2736,2476.6,3000,4297.8,3603.4,5010.5,184.8,167.3,202.7,390.7,327.6,455.5,1.4,1.1,1.7,0.2
Panama,2912.1,2727.7,3120.7,4292,3695.5,4867.1,927.1,868.4,993.5,1153.4,993.1,1307.9,1810.3,1695.7,1939.9,2749.5,2367.4,3117.9,174.7,163.6,187.2,389.1,335.1,441.3,1.8,1.4,2.1,0.34
Venezuela,23267.3,21634.7,25050.8,26628.8,22960.5,30072.9,7821.9,7273.1,8421.5,6623.9,5711.4,7480.6,14347.8,13341,15447.6,17426.5,15025.8,19680.3,1097.6,1020.6,1181.7,2578.5,2223.3,2911.9,0.6,0.3,0.9,0.39
Tropical Latin America,179827.5,167645.7,192129.9,227524.9,196124,258236.4,53935.1,50327.4,57608.4,50193,43326.5,56939.5,115593.7,107722.2,123516.5,155085.9,133667.2,176033.4,10298.6,9596.7,11004.9,22245.9,19119,25263.4,1.1,0.7,1.4,0.44
Brazil,174681.2,162292.1,186997.5,220356,188144.9,250951.7,51972.6,48286.4,55637,48185.3,41141.7,54875.7,112660.9,104670.5,120604.3,150405.8,128419.9,171289.2,10047.8,9335.2,10756.3,21764.9,18583.3,24786.9,1.1,0.7,1.4,0.45
Paraguay,5146.2,4727.5,5584.3,7168.8,5861.3,8461.2,1962.5,1802.9,2129.6,2007.7,1641.5,2369.7,2932.9,2694.2,3182.6,4680.1,3826.5,5523.8,250.8,230.4,272.2,481,393.3,567.8,1.6,1,2,0.24
North Africa and Middle East,420540.5,406950.7,434269,623000.1,599577.9,646199.5,151844.7,147085.3,156557.4,183322,175264.9,191214.1,251255.5,242782.2,259657.8,405515.3,390471,420427.5,17440.3,16783.6,18055.8,34162.8,32920.5,35432.6,1.9,1.8,2,0.19
Algeria,31021.2,28642.2,33456.4,44198,37361.4,50960.9,10710.1,9888.8,11550.9,13301.7,11244.2,15337,18947.1,17494,20434.4,28054.4,23715,32347.1,1364,1259.4,1471.1,2841.8,2402.3,3276.7,1.7,1.3,2,0.21
Bahrain,646.1,602,694.9,1529.6,1421.4,1647,186,173.3,200.1,296.7,275.7,319.5,445,414.6,478.6,1178.4,1095,1268.9,15.1,14.1,16.2,54.5,50.7,58.7,4.1,4.1,4.1,0.18
Egypt,67263.7,61466.1,72972.4,105627.4,95744.6,115666.2,23839.5,21784.8,25862.8,36855.2,33406.9,40357.9,41132.6,37587.4,44623.6,64397.1,58371.9,70517.4,2291.5,2094,2486,4375.1,3965.8,4790.9,2.1,2.1,2.2,0.12
Iran,66248.4,60446.3,72235.8,85355.9,76864.4,93931.2,21863.6,19948.8,23839.6,20179.4,18171.9,22206.7,41347.3,37726,45084.2,59167.5,53281.3,65111.8,3037.5,2771.5,3312,6008.9,5411.2,6612.6,1.2,1.1,1.3,0.3
Iraq,25132.9,21590.4,29076.7,41224.3,29162.7,52061.1,10235.9,8793.1,11842.1,13461.9,9523.2,17000.7,14135.6,12143.1,16353.7,26081.4,18450.4,32937.5,761.5,654.1,880.9,1681,1189.2,2122.9,2.3,1.4,2.8,0.12
Jordan,4819,4385,5267.5,12324.6,11066.3,13681.4,1904.9,1733.3,2082.2,3633,3262.1,4033,2779.9,2529.6,3038.7,8180,7344.9,9080.5,134.2,122.1,146.7,511.5,459.3,567.8,4.5,4.4,4.5,0.14
Kuwait,1916.1,1720.4,2107.8,4650.1,4033.3,5276.7,530,475.9,583,845.5,733.3,959.4,1319,1184.3,1451,3633.7,3151.7,4123.4,67.1,60.2,73.8,170.9,148.2,193.9,4.2,4.1,4.4,0.2
Lebanon,3561.5,3197.9,3966,5540.4,4673.6,6393.8,1114.8,1001,1241.4,1278.1,1078.1,1474.9,2173.9,1952,2420.9,3716.3,3134.9,4288.7,272.7,244.9,303.7,546,460.6,630.1,2.1,1.8,2.3,0.43
Libya,5093,4592.1,5598.3,6870.6,5809.4,7976.9,1792.6,1616.3,1970.4,1491.6,1261.2,1731.8,3101.1,2796.1,3408.8,5029.4,4252.6,5839.3,199.3,179.7,219.1,349.5,295.5,405.8,1.4,1.1,1.7,0.23
Morocco,29718.4,26802.8,32629.7,37176.6,33141.8,41310.4,10245.1,9240,11248.7,9791.9,8729.1,10880.6,17998.3,16232.5,19761.4,24647.6,21972.6,27388.2,1475.1,1330.3,1619.6,2737.2,2440.1,3041.5,1.1,1,1.1,0.28
Palestine,3019.9,2753,3294.6,5135.6,4663.3,5613.3,1407.4,1283,1535.5,1867.2,1695.5,2040.9,1520.5,1386.1,1658.8,3092.7,2808.3,3380.4,92,83.8,100.3,175.7,159.6,192.1,2.5,2.5,2.6,0.09
Oman,2328.5,2120.2,2529.5,4703.8,4353.8,5060.9,879.9,801.2,955.9,1223,1132,1315.9,1395.4,1270.6,1515.9,3365.5,3115.1,3621.1,53.2,48.4,57.7,115.2,106.6,123.9,3.3,3.3,3.4,0.09
Qatar,592.3,538.1,643.3,2977.1,2745.8,3202.3,159.3,144.7,173,493.9,455.5,531.3,425.2,386.3,461.8,2446.1,2256.1,2631.2,7.9,7.2,8.6,37.1,34.2,39.9,7.7,7.6,7.8,0.08
Saudi Arabia,20763.8,18764,22784.5,37704.2,32634.6,43017,7484.8,6763.9,8213.2,7565.3,6548.1,8631.3,12732.4,11506.1,13971.5,29117.1,25202.1,33219.9,546.6,493.9,599.8,1021.8,884.4,1165.8,2.8,2.6,3,0.14
Syria,16728.8,15088.2,18211.1,14030.4,11466.3,16227.7,6939.6,6259,7554.4,3663.3,2993.8,4237,9270.2,8361,10091.6,9353,7643.7,10817.7,519.1,468.2,565.1,1014.1,828.8,1172.9,-0.9,-1.3,-0.5,0.28
Tunisia,9841.4,8931.5,10751.3,11842.6,10595,13166,2983.6,2707.7,3259.5,2765.7,2474.4,3074.8,6250.9,5673,6828.9,7946.7,7109.5,8834.7,606.8,550.7,662.9,1130.2,1011.1,1256.5,0.9,0.8,1,0.41
Türkiye,67053.7,58220.6,75645.4,83612,77066,89962.3,20059.9,17417.4,22630.2,18520.4,17070.5,19927,43053.5,37382,48570.1,56922,52465.5,61245.1,3940.2,3421.2,4445.1,8169.7,7530.1,8790.1,1.1,0.8,1.3,0.44
United Arab Emirates,3227,2900.3,3548.1,9631.2,7899.6,11218.5,719.9,647,791.6,1338.8,1098.1,1559.5,2478.5,2227.6,2725.2,8129.4,6667.9,9469.3,28.5,25.6,31.4,162.9,133.6,189.8,5.2,4.8,5.5,0.12
Yemen,18622.6,17012.9,20210.9,33643.5,28178.5,39518.8,8967.3,8192.2,9732.1,13788.5,11548.8,16196.5,9164.9,8372.7,9946.6,18839.7,15779.4,22129.8,490.4,448,532.2,1015.2,850.3,1192.5,2.8,2.4,3.2,0.07
South Asia,1325085.6,1245383.8,1402974.8,1846571.4,1668044.6,2038669.3,486543.2,457918.3,514359.8,507021.5,460106.9,556694.1,781126.5,733680.5,827943.8,1219950.8,1100246.2,1348047.2,57415.8,53789.7,60907.6,119599.1,107533.7,132763.1,1.6,1.4,1.8,0.24
Afghanistan,15935.8,12762.9,18947.2,31222.2,21632,40881.8,7834.5,6274.7,9315.1,14200.6,9838.8,18594,7497.3,6004.6,8914.1,16398.4,11361.5,21471.8,603.9,483.7,718.1,623.2,431.8,816,3.2,2.5,3.6,0.04
Bangladesh,129406.2,119818.8,138805.3,164636.1,142940.1,185759.7,52324.6,48448,56125.1,45766,39734.9,51638,72775.9,67384.1,78061.8,107272.7,93136.2,121036.3,4305.7,3986.7,4618.5,11597.4,10069.1,13085.4,1.1,0.8,1.4,0.25
Bhutan,645.3,581.7,711.8,756.9,685.1,823,238.1,214.6,262.6,187.2,169.4,203.5,382,344.3,421.3,519.6,470.3,565,25.2,22.7,27.8,50.1,45.3,54.5,0.8,0.7,0.8,0.27
India,1032537,952914.7,1109615.8,1414495,1240240.7,1601508.4,365858.6,337646.1,393169.9,366399.1,321261.7,414841.5,619637.2,571854.9,665893,950604.9,833498.1,1076286.4,47041.2,43413.7,50552.8,97491,85480.9,110380.5,1.5,1.3,1.7,0.27
Nepal,23923.7,22224.8,25546.9,31129.8,27339.6,35331.1,9771.7,9077.8,10434.7,9227.2,8103.8,10472.5,13247.6,12306.9,14146.5,19988,17554.4,22685.6,904.3,840.1,965.7,1914.6,1681.5,2173,1.2,1,1.5,0.21
Pakistan,138573.4,127497.3,149807.9,235553.6,215431.8,256773.2,58350.1,53686.2,63080.7,85442.1,78143.3,93139,75083.9,69082.5,81171.1,141565.6,129472.5,154318.3,5139.4,4728.6,5556.1,8546,7815.9,9315.8,2.5,2.5,2.6,0.1
Sub-Saharan Africa,646528.5,628541,665654.8,1133157.9,1087675.9,1180535.6,288772.9,280572.3,297294.8,475942.7,456878.9,495949.6,338184,328751.1,348238,623723.7,598602.3,649795,19571.6,19008.6,20147.8,33491.5,32220.7,34821.6,2.7,2.6,2.7,0.07
Central sub-Saharan Africa,73559.2,65302.3,81307.5,136928.3,110308.1,165520.3,33639.6,29823.6,37207.7,58681.6,47365.9,70579.2,37897.6,33687.4,41846.2,74755.8,60110,90521.1,2022.1,1784.5,2247,3490.9,2800.7,4230.5,2.9,2.5,3.4,0.06
Angola,14723.8,12613.4,16899.6,32706.5,29055.3,36449,6840.6,5860.1,7851.4,15245.5,13543.6,16990,7560.3,6476.7,8677.6,16719.9,14853.4,18633.1,322.9,276.6,370.6,741.1,658.4,825.9,3.8,3.7,4,0.05
Central African Republic,3617.3,3322.5,3937.2,5484.1,4506.5,6406.6,1616.8,1485.1,1759.8,2283.8,1876.7,2668,1915,1759,2084.4,3075.1,2526.9,3592.4,85.4,78.5,93,125.2,102.9,146.3,2,1.5,2.3,0.05
Congo (Brazzaville),3154.6,2794.8,3454.7,5391.6,4588.8,6239.9,1280.6,1134.6,1402.5,1929.3,1642,2232.8,1775.9,1573.3,1944.8,3289.8,2799.9,3807.4,98.1,86.9,107.4,172.5,146.8,199.7,2.5,2.3,2.8,0.09
DR Congo,50182.8,41938.6,58092.8,90017.8,62962.6,117854.1,23093.4,19299.5,26733.4,37998.9,26578.2,49749.4,25643.2,21430.5,29685.2,49675.1,34745.1,65036.2,1446.2,1208.6,1674.2,2343.7,1639.3,3068.5,2.7,1.9,3.4,0.06
Equatorial Guinea,653.9,544.5,758.4,1512.3,1362.7,1676,309.4,257.7,358.9,585,527.1,648.3,328.1,273.2,380.6,893.7,805.2,990.4,16.3,13.6,18.9,33.6,30.3,37.3,4,3.8,4.3,0.06
Gabon,1226.9,1086.3,1369,1816.1,1607.2,2015.2,498.7,441.6,556.5,639.1,565.6,709.2,675,597.7,753.2,1102.2,975.4,1223.1,53.2,47.1,59.4,74.7,66.1,82.9,1.9,1.8,1.9,0.12
Eastern sub-Saharan Africa,249820.3,241616.1,258730.9,426097.8,406099.1,446709.7,116685.1,112801.7,120842.7,178431.5,169972.7,187026.8,126600.1,122424.3,131038,235825.7,224961.9,247365.8,6535.1,6320.7,6762.5,11840.5,11271.4,12423.9,2.5,2.5,2.6,0.07
Burundi,6390.4,5606.7,7127.9,13220.3,11338.6,15001.2,3044.9,2671.4,3396.2,5854.2,5020.9,6642.8,3164.1,2776,3529.2,7040.7,6038.5,7989.2,181.5,159.3,202.5,325.5,279.1,369.3,3.5,3.4,3.5,0.06
Comoros,552.8,505.3,601.5,744.4,611.5,881.8,232.8,212.8,253.3,240.2,197.3,284.5,300.5,274.7,326.9,467.2,383.8,553.5,19.5,17.8,21.2,37,30.4,43.8,1.4,0.9,1.8,0.15
Djibouti,619.3,546,696.4,1258.7,1082.1,1448.4,238.2,210.1,267.9,413.2,355.2,475.5,368,324.5,413.8,805.8,692.7,927.2,13,11.5,14.7,39.8,34.2,45.8,3.4,3.3,3.5,0.1
Eritrea,3982.4,3366.8,4647,6597.9,4577.5,8754.2,1777.5,1502.8,2074.2,2524.6,1751.5,3349.7,2125.1,1796.6,2479.8,3904,2708.5,5179.8,79.7,67.4,93,169.3,117.5,224.7,2.4,1.5,3,0.07
Ethiopia,68418.5,61770.8,75429,108938,91826.9,125474,32517.7,29358.2,35849.6,44350.4,37384.2,51082.5,34189.3,30867.4,37692.5,61363.6,51725.1,70678.2,1711.6,1545.3,1887,3224,2717.6,3713.3,2.2,1.9,2.4,0.07
Kenya,31115,28770.1,33381.3,50062.4,46231.3,54034,13982.7,12928.9,15001.1,18665.2,17236.8,20146,16301.3,15072.7,17488.6,29742.4,27466.3,32101.9,831.1,768.5,891.6,1654.8,1528.1,1786.1,2.3,2.2,2.3,0.09
Madagascar,15852.9,14254.7,17520,28557.4,26054.2,30955.6,7267.3,6534.7,8031.6,11733.5,10705,12718.9,8180,7355.3,9040.2,16136.7,14722.2,17491.8,405.6,364.7,448.3,687.2,627,745,2.8,2.7,2.9,0.06
Malawi,11097.8,10183.6,11942.8,19447.8,17851.5,21031.4,5083.6,4664.8,5470.7,8123.9,7457,8785.4,5685.4,5217,6118.3,10785.3,9900,11663.6,328.8,301.7,353.8,538.6,494.4,582.5,2.7,2.7,2.7,0.07
Mauritius,1214.4,1129.8,1301.9,1272,1101.5,1438.8,311.7,289.9,334.1,207.4,179.6,234.6,827.1,769.4,886.7,900.1,779.4,1018.1,75.7,70.4,81.1,164.5,142.5,186.1,0.2,-0.1,0.5,0.79
Mozambique,17557.5,16002.5,19124.1,31072.7,28241,33939.7,8080.5,7364.8,8801.5,14266,12965.9,15582.3,8971.2,8176.7,9771.7,16039.5,14577.8,17519.5,505.8,461,550.9,767.1,697.2,837.9,2.7,2.7,2.7,0.05
Rwanda,8110.8,7417.8,8780.9,13270,11517.1,14948.5,3738.6,3419.2,4047.5,4970.4,4313.8,5599.1,4175.2,3818.4,4520.1,7848.4,6811.6,8841.1,197,180.2,213.3,451.2,391.6,508.3,2.3,2.1,2.5,0.09
Seychelles,81.6,74.6,88,105.4,91.4,120.7,22.3,20.4,24.1,23.4,20.3,26.8,53.2,48.6,57.4,73,63.2,83.5,6,5.5,6.5,9.1,7.9,10.4,1.2,0.9,1.5,0.39
Somalia,10159.9,8648.2,11701.6,21606.5,15578.7,27029.6,4783.9,4072.1,5509.8,10329.4,7447.7,12922,5206.5,4431.8,5996.6,10890.6,7852.3,13624.1,169.5,144.3,195.2,386.5,278.6,483.5,3.6,2.8,4,0.04
Tanzania,34303,31481.1,37137.9,58447.9,51503.7,65494.3,15565.1,14284.7,16851.4,24402.9,21503.6,27344.9,17665,16211.9,19124.9,32205.9,28379.5,36088.6,1072.8,984.6,1161.5,1839.1,1620.6,2060.8,2.5,2.3,2.7,0.08
Uganda,24260,22162.2,26278.3,43315.1,38655.5,48316.1,12244,11185.2,13262.6,19835.7,17701.9,22125.9,11450.6,10460.5,12403.2,22465.6,20048.9,25059.4,565.4,516.5,612.5,1013.7,904.7,1130.8,2.8,2.6,2.9,0.05
Zambia,9926.9,9217.3,10622.6,19515.3,16772,22270.7,4732.5,4394.2,5064.1,8271.6,7108.8,9439.5,4947.9,4594.2,5294.6,10789.1,9272.4,12312.4,246.5,228.9,263.8,454.6,390.7,518.8,3.2,2.9,3.5,0.05
Southern sub-Saharan Africa,63664.7,60002.4,67286.7,80303.8,72893.2,88169.1,22552,21347.1,23759.3,24065.9,22024.7,26245.5,38319.5,36074.1,40556.3,51748.4,46872,56907.7,2793.2,2622.2,2962.3,4489.6,4025.2,4974.6,1.1,0.9,1.3,0.19
Botswana,1695,1577.9,1817.5,2393.3,2078.7,2710,658.1,612.6,705.7,698.3,606.5,790.7,978.2,910.6,1048.9,1590.4,1381.4,1800.9,58.7,54.6,62.9,104.6,90.8,118.4,1.6,1.3,1.9,0.15
Lesotho,1735.5,1574.9,1909.4,1874.4,1684,2067.4,680.3,617.4,748.5,630.5,566.4,695.4,975.5,885.3,1073.3,1160,1042.2,1279.4,79.7,72.3,87.7,83.9,75.4,92.5,0.4,0.3,0.4,0.13
Namibia,1834.5,1704.4,1961.3,2431.2,2093.3,2728.2,748,694.9,799.7,825.4,710.7,926.3,1020.7,948.3,1091.3,1504.5,1295.4,1688.3,65.8,61.1,70.4,101.3,87.2,113.6,1.3,1,1.6,0.12
South Africa,45397.3,41798.2,48781.1,56854.4,49726.9,64282.7,14958.6,13772.7,16073.6,15205.2,13299,17191.8,28264.7,26023.9,30371.5,37983.6,33221.8,42946.4,2173.9,2001.6,2336,3665.6,3206.1,4144.5,1.1,0.8,1.3,0.24
Eswatini,1017.3,927.4,1108.2,1155.2,1029.5,1261.6,445,405.7,484.7,412.6,367.7,450.6,546.5,498.2,595.3,702.6,626.1,767.3,25.8,23.5,28.1,40,35.7,43.7,0.6,0.5,0.6,0.1
Zimbabwe,11985.2,11064,12884.3,15595.4,13802.2,17465.4,5062,4672.9,5441.8,6293.8,5570.2,7048.5,6533.9,6031.7,7024,8807.4,7794.7,9863.4,389.3,359.4,418.5,494.2,437.3,553.4,1.2,1.1,1.4,0.08
Western sub-Saharan Africa,259484.3,245991.7,272508.5,489828,462150.4,517875.8,115896.3,110024.3,121606.4,214763.7,202680.1,227079,135366.8,128196.6,142304.1,261393.8,246506.4,276451,8221.2,7792.8,8638.2,13670.5,12924.7,14442.2,3,3,3.1,0.06
Benin,6717.2,6166.4,7264.3,13499.2,11844.1,15141.8,3253.2,2986.4,3518.2,6080.4,5334.9,6820.3,3263.1,2995.5,3528.9,7048.6,6184.4,7906.2,200.9,184.4,217.2,370.2,324.8,415.3,3.3,3.1,3.5,0.06
Burkina Faso,12424.5,11259.6,13669.1,22761.1,20947.8,24635.6,6049.4,5482.2,6655.3,10372.2,9545.8,11226.4,5966.5,5407,6564.1,11698.7,10766.7,12662.1,408.7,370.4,449.6,690.3,635.3,747.2,2.9,2.8,3,0.07
Cameroon,15051.4,13584.3,16614.6,31779.6,26654.5,37155.1,6820.9,6156,7529.3,13466.9,11295.1,15744.8,7777.7,7019.6,8585.5,17450.7,14636.4,20402.4,452.8,408.7,499.8,862.1,723,1007.9,3.5,3.2,3.8,0.06
Cabo Verde,450.6,420.5,482.1,559.3,487.3,634.1,188.1,175.5,201.3,143.2,124.8,162.4,235.6,219.8,252.1,382.4,333.2,433.5,26.9,25.1,28.8,33.7,29.4,38.2,1,0.7,1.3,0.24
Chad,8285.6,7354.7,9215.7,17749.4,15191.5,20275,4128.4,3664.6,4591.8,9014.9,7715.7,10297.7,3888.6,3451.7,4325.1,8325.9,7126,9510.6,268.6,238.4,298.8,408.6,349.7,466.8,3.6,3.5,3.8,0.05
Côte d'Ivoire,16948.8,15674.2,18244.1,27861.9,24857.1,31146.6,7288.5,6740.4,7845.5,11571.8,10323.8,12936,9270.4,8573.3,9978.9,15562.2,13883.8,17396.8,389.9,360.5,419.7,727.9,649.4,813.7,2.4,2.2,2.5,0.06
The Gambia,1351.1,1241.1,1459.6,2394.2,2109.4,2684.6,604.5,555.2,653,993.4,875.3,1114,706,648.5,762.7,1328.6,1170.5,1489.8,40.6,37.3,43.9,72.1,63.5,80.9,2.7,2.5,2.9,0.07
Ghana,19141.3,17826.3,20369.7,34245.9,29711,38853.9,8012.1,7461.7,8526.3,12883.1,11177.1,14616.6,10487,9766.6,11160,20161.1,17491.4,22873.9,642.2,598,683.4,1201.7,1042.6,1363.4,2.8,2.4,3.1,0.09
Guinea,8096.3,7384.1,8798.7,13429.8,11962,14955,3749.6,3419.8,4074.9,6045.8,5385,6732.4,3965.2,3616.4,4309.1,6958.6,6198.1,7748.9,381.5,348,414.6,425.4,378.9,473.7,2.4,2.3,2.5,0.07
Guinea-Bissau,1245.4,1082.8,1407.6,2063.9,1780.3,2338.9,579.5,503.9,655,898.1,774.7,1017.8,634.6,551.7,717.3,1119.4,965.6,1268.5,31.2,27.2,35.3,46.4,40,52.6,2.4,2.4,2.5,0.05
Liberia,2848,2521.5,3178.1,5459.5,4606.6,6313,1259.6,1115.2,1405.6,2185.9,1844.4,2527.7,1483,1312.9,1654.8,3135.2,2645.4,3625.4,105.4,93.3,117.6,138.3,116.7,159.9,3.1,2.9,3.3,0.06
Mali,11063.1,10173.2,11978.9,24104.1,20612.8,27474.1,5277.1,4852.6,5714,11575.8,9899.1,13194.2,5447.9,5009.7,5898.9,11895.3,10172.4,13558.4,338.1,310.9,366.1,633,541.3,721.5,3.7,3.4,4,0.05
Mauritania,2614.3,2438.2,2793.2,4396.2,3881.6,4929.4,1154.6,1076.8,1233.6,1853,1636.1,2077.7,1360.3,1268.7,1453.4,2374.5,2096.6,2662.5,99.4,92.7,106.2,168.7,148.9,189.1,2.5,2.2,2.7,0.09
Niger,11273.1,10416.6,12121.7,25038.2,21889.1,28030.9,5556.7,5134.5,5975,12764,11158.6,14289.6,5468.5,5053,5880.1,11701.7,10229.9,13100.3,247.9,229.1,266.6,572.5,500.5,641,3.8,3.5,4,0.04
Nigeria,122613.7,110240.5,135425.1,231165.7,205604.1,257993.8,53358.8,47974.3,58934.1,101589.1,90355.7,113379.1,65307.1,58716.7,72130.7,123377.3,109734.6,137696,3947.8,3549.5,4360.3,6199.3,5513.8,6918.8,3,3,3.1,0.06
São Tomé and Príncipe,143.6,132.9,154.5,216.6,191,243,64.5,59.7,69.4,77.8,68.6,87.3,73.1,67.7,78.7,131,115.6,147,6,5.6,6.5,7.8,6.8,8.7,2,1.7,2.2,0.1
Senegal,9931.4,9183.7,10675.2,15859.6,14008.8,17615.6,4387.9,4057.5,4716.5,6360.6,5618.3,7064.8,5206.5,4814.6,5596.5,8916.3,7875.8,9903.6,337,311.6,362.2,582.7,514.7,647.2,2.2,2,2.4,0.09
Sierra Leone,4424.4,4008,4806.9,8867.3,7944,9808.4,1985,1798.2,2156.6,3576.2,3203.8,3955.8,2257.9,2045.4,2453,5014.9,4492.8,5547.2,181.6,164.5,197.3,276.1,247.4,305.4,3.3,3.3,3.4,0.08
Togo,4854.3,4272.3,5471,8370.9,7164.9,9504.2,2175.2,1914.4,2451.5,3309,2832.3,3757,2564.8,2257.3,2890.6,4808.4,4115.6,5459.4,114.3,100.6,128.8,253.5,217,287.8,2.6,2.5,2.6,0.08
American Samoa,58.5,54.6,62.6,49.8,45.8,53.2,22.1,20.6,23.6,14.2,13.1,15.2,34.2,31.9,36.6,31.9,29.4,34.1,2.2,2.1,2.4,3.7,3.4,3.9,-0.8,-0.8,-0.7,0.26
Bermuda,63.3,59.3,67.3,63.5,57.4,69.9,12.1,11.3,12.8,8.4,7.6,9.3,44.5,41.6,47.3,42,37.9,46.2,6.8,6.4,7.2,13.1,11.9,14.5,0,-0.2,0.2,1.56
Cook Islands,18.6,17.1,20,17.7,16,19.4,5.5,5.1,5.9,3.8,3.4,4.1,11.8,10.9,12.7,11.6,10.5,12.7,1.3,1.2,1.4,2.3,2.1,2.5,-0.2,-0.3,-0.1,0.61
Greenland,56.1,55.8,56.5,56.1,50.7,61.1,15.2,15.1,15.3,11.8,10.6,12.8,38.1,37.8,38.3,39.1,35.3,42.6,2.8,2.8,2.8,5.3,4.8,5.8,-0,-0.5,0.4,0.45
Guam,159.4,148.9,169.8,159.2,146.5,171.2,49.5,46.2,52.7,36.6,33.7,39.3,101.4,94.7,108,103.5,95.3,111.3,8.5,8,9.1,19.1,17.6,20.6,-0,-0.1,0,0.52
Monaco,33,30.8,35.4,37.9,34.3,41.4,4.3,4,4.7,5,4.5,5.4,20.9,19.5,22.4,23.2,21,25.4,7.8,7.2,8.3,9.7,8.8,10.6,0.7,0.5,0.8,1.94
Nauru,10.8,9.9,11.6,11,9.6,12.4,4.2,3.8,4.5,4,3.5,4.5,6.3,5.8,6.8,6.6,5.8,7.5,0.3,0.3,0.4,0.4,0.3,0.5,0.1,-0.1,0.3,0.1
Niue,1.9,1.8,2.1,1.7,1.5,1.9,0.6,0.5,0.6,0.4,0.3,0.4,1.2,1.1,1.3,1.1,1,1.2,0.2,0.2,0.2,0.2,0.2,0.2,-0.7,-0.9,-0.4,0.5
Northern Mariana Islands,72.7,67.7,77.5,48.5,45.1,52.1,17.9,16.7,19.1,11.3,10.5,12.1,53.5,49.9,57.1,33.6,31.3,36.2,1.3,1.2,1.3,3.6,3.3,3.9,-1.9,-2,-1.9,0.32
Palau,19.7,18.4,21.1,18.1,16.2,20.1,4.9,4.6,5.2,3.3,2.9,3.6,13.9,13,14.9,13.2,11.8,14.6,1,0.9,1,1.7,1.5,1.8,-0.4,-0.6,-0.2,0.52
Puerto Rico,3879.6,3616.1,4128.5,3294.3,3047.9,3534.6,925.3,862.4,984.6,444.4,411.1,476.8,2526.8,2355.2,2688.9,2124.8,1965.9,2279.8,427.5,398.4,454.9,725.1,670.9,778,-0.8,-0.8,-0.7,1.63
Saint Kitts and Nevis,46.4,42.9,50,58.6,48.5,69.6,13.7,12.6,14.7,9.8,8.1,11.7,29.2,27,31.4,43.4,35.9,51.5,3.6,3.3,3.8,5.4,4.4,6.4,1.1,0.6,1.6,0.55
San Marino,27.5,23.9,31,32.7,28.4,37.4,4.3,3.7,4.8,4.4,3.8,5,18.6,16.2,21,21.3,18.4,24.3,4.6,4,5.2,7.1,6.1,8.1,0.8,0.8,0.9,1.61
Tokelau,1.5,1.4,1.7,1.4,1.2,1.5,0.5,0.5,0.6,0.4,0.4,0.4,0.9,0.8,0.9,0.8,0.8,0.9,0.1,0.1,0.1,0.1,0.1,0.2,-0.6,-0.7,-0.5,0.25
Tuvalu,9.7,8.9,10.5,12.4,10.8,14,3.4,3.1,3.7,3.7,3.3,4.2,5.7,5.2,6.2,7.8,6.8,8.8,0.6,0.6,0.7,0.9,0.8,1,1.1,0.9,1.3,0.24
Virgin Islands,111.4,104.3,119,85.9,79.8,91.9,29.7,27.8,31.7,13.4,12.4,14.3,72.5,67.9,77.5,53.9,50,57.6,9.1,8.6,9.8,18.6,17.3,19.9,-1.2,-1.3,-1.2,1.39
Northern Ireland,1702.8,1573.2,1843.1,1930.1,1795.9,2061.6,384.1,354.8,415.7,371.5,345.7,396.8,1099.6,1016,1190.2,1230.9,1145.3,1314.8,219.1,202.4,237.1,327.6,304.9,350,0.6,0.6,0.6,0.88
Scotland,5138.3,4758,5514.3,5515.8,4792.6,6278.4,939.3,869.8,1008.1,843.1,732.5,959.6,3397.1,3145.6,3645.6,3587.2,3116.8,4083.1,801.9,742.6,860.6,1085.6,943.2,1235.6,0.3,0,0.6,1.29
South Sudan,7266.2,6420.9,8085.7,9672.5,8122,11041.2,3299.2,2915.3,3671.2,4295,3606.5,4902.7,3765.2,3327.2,4189.9,5135.7,4312.4,5862.4,201.8,178.3,224.6,241.9,203.1,276.2,1.4,1.1,1.5,0.06
Sudan,26725.3,23691.7,29798.4,43419,36966.6,49713.6,11884.4,10535.4,13251,16589.3,14124,18994.3,13918.8,12338.8,15519.3,25440.5,21659.9,29128.7,922.1,817.4,1028.1,1389.3,1182.8,1590.7,2.3,2.1,2.4,0.08
Wales,2947.8,2730.7,3179.3,3152.1,2941.7,3366,567.4,525.6,612,524.2,489.2,559.8,1874.6,1736.6,2021.9,1964,1832.8,2097.2,505.8,468.5,545.5,664,619.6,709,0.3,0.3,0.4,1.27
England,49248.9,45611.4,52860.7,57250.4,53397.4,60933.7,9332.6,8643.3,10017,10044.2,9368.3,10690.5,32131.4,29758.2,34487.8,36776.6,34301.5,39142.7,7784.9,7210,8355.9,10429.5,9727.6,11100.6,0.7,0.7,0.7,1.04
